nodeID,in,out
1,4057,6067
100,13883,13874
1003,10104,10212
1004,6081,8068
1005,20278,24372
1006,0,1983
1007,110597,112657
1009,0,1973
1011,0,2009
1014,0,2041
1015,4077,2000
1016,2007,3991
1018,0,2001
1019,0,2005
102,1987,4004
1021,7909,7930
1022,270507,256502
1024,1979,4012
1025,4033,6036
103,1968,2020
1031,4024,3989
1032,2010,4062
1033,10124,8064
1037,1957,2004
1038,6121,6064
1039,135584,135577
104,29976,27906
1040,5997,2056
1042,5958,6065
1046,8021,8153
1048,6000,4054
105,6006,3951
1052,3949,3921
1054,24024,26093
1055,22092,22132
1056,2077,1960
1057,3926,5972
1058,0,0
1060,64270,62252
1063,4002,5956
1067,0,2033
1068,10198,12183
107,160859,152998
1070,0,0
1073,0,2048
1074,2007,1935
1076,2026,2032
1077,4011,4042
1078,6121,6157
108,7882,9882
1082,128484,118409
1083,0,1973
1085,4022,4062
1086,0,2000
1087,6005,8057
1088,6093,6093
1089,14063,14180
109,1983,0
1092,4105,4002
1093,28088,22909
1094,0,2131
1099,2002,1945
11,2009,2033
1101,3998,3998
1102,2015,1961
1109,3990,5986
111,3924,5969
1110,6061,1990
1111,3964,2031
1113,4135,4088
1114,0,1944
1115,4023,4023
1116,12111,12038
1119,1991,2039
1126,8058,6020
1127,4011,4031
1131,11806,13841
1132,28258,28223
1133,1986,1963
1134,0,2000
1136,0,0
1137,4013,6031
1138,3939,3999
1139,4171,2061
1140,0,2030
1143,0,0
1146,4116,6200
1149,2059,4098
1151,3934,3990
1154,9978,8020
1155,0,1999
1156,2087,4062
1157,34133,34133
1163,15936,17858
1165,8191,10087
1166,8005,7994
117,6013,6039
1170,4042,4122
1171,10043,2010
1172,6036,8048
1175,8130,8130
1176,0,2073
1177,0,2021
1179,0,1955
118,1997,4070
1180,0,0
1183,0,1996
1184,0,1990
1187,7971,9996
1188,4015,2049
1190,2066,4103
1194,12064,10152
1195,0,1996
1197,2039,1998
1199,1983,3949
12,4008,4107
120,4142,2043
1201,2017,2003
1203,12073,1947
1205,2014,2039
1206,2036,2060
1207,6095,14092
1208,0,0
1209,5921,2019
121,6007,8135
1213,4105,6048
1215,10044,7896
1216,0,2003
1217,12146,10060
1218,5923,6026
1219,0,1985
122,11966,13874
1220,0,1979
1223,4103,6121
1226,0,2042
1227,6001,3985
1228,2048,2037
1229,3953,5918
1231,0,2085
1232,8140,10165
1233,14033,14033
1234,2047,1946
1237,14201,16284
1241,287024,285019
1242,3925,5956
1243,4018,4007
1244,18140,26090
1245,3997,6021
1246,2037,4032
1247,4042,6055
1248,9976,11951
1249,15955,17865
125,4157,3940
1250,21945,11958
1251,6129,4069
1252,6054,6106
1253,4053,4069
1254,0,2087
1255,20238,22267
126,229375,228133
1260,2006,4096
1262,0,2010
1266,1926,2029
1269,10214,10198
127,172851,164571
1271,2029,4085
1274,4033,2024
1275,18089,16159
1276,2004,4005
1278,0,0
1281,12102,10069
1282,0,1963
1285,0,2021
1287,12237,14217
1288,6062,8135
1289,1964,1952
129,2092,2086
1290,3913,5901
1291,0,0
1292,0,2018
1293,12132,12100
1295,1988,3985
1298,5992,8030
13,0,1989
130,4022,6065
1302,4093,6133
1304,4045,4149
1308,0,2051
1310,0,0
1311,5970,3935
1312,8036,3987
1313,1942,2027
1315,2007,2007
1317,76292,74216
1318,10064,10010
132,3983,3992
1321,14042,14045
1322,2030,1964
1323,0,2003
1324,8829,4781
1325,2029,1986
1326,0,2037
1327,3906,3953
1328,2051,4114
133,97284,91442
1330,3982,4129
1331,12066,12086
1332,0,1972
1333,0,2051
1334,8048,4095
1336,0,2039
1337,16110,18089
134,4062,4043
1340,2092,4067
1341,0,2023
1342,16114,18150
1343,2053,793
1344,0,1946
1345,3950,3913
1346,0,2009
1348,2016,1999
135,3945,1977
1350,3932,2108
1351,2049,0
1353,2076,0
1356,5821,5845
1357,6019,6080
1358,0,2009
1359,2018,4011
136,5979,8015
1360,8230,10240
1362,2070,2035
1364,0,855
1365,135254,143369
1367,9966,9956
1368,15809,15678
137,6110,3986
1371,6257,2090
1373,4101,6124
1375,0,2041
138,0,0
1381,1951,1969
1382,0,0
1383,0,2054
1384,12080,12020
1385,2012,4055
1390,16122,7973
1392,2085,2043
1394,2046,3999
1395,6060,8045
1396,18321,20331
1397,5855,5831
140,8062,8055
1400,5987,5987
1404,0,2009
1405,0,2007
1406,25209,27249
1408,0,1995
141,0,8038
1411,4145,1972
1412,2028,2068
1414,0,0
142,2072,3949
1422,6092,6089
1423,0,2043
1425,7989,3969
1428,12049,9965
1430,10123,8065
1431,12221,12222
1434,7904,9931
1435,6127,8162
1438,12314,8223
144,0,8032
1442,7981,9969
1444,11934,11958
1446,1969,4066
1447,8098,6112
1448,14244,12182
1449,0,1975
145,4070,6178
1451,6037,8090
1452,16296,18319
1453,16064,18006
1454,2057,2057
1455,124412,122416
1456,3920,4030
1457,14191,22294
1458,13903,15793
1459,1988,2061
1460,2032,2025
1461,1965,1967
1464,20310,22307
1465,0,2049
1468,42508,40453
1469,2009,4009
1470,6105,8063
1471,12218,14153
1472,90339,78258
1474,4106,3998
1477,1912,2047
1480,2062,2005
1481,0,0
1483,10114,10165
1484,2049,2064
1486,18049,18044
1487,0,2072
1488,92845,80726
1489,0,2018
149,6001,12030
1490,6083,6136
1492,8020,7982
1493,225169,223222
1494,76569,64459
1497,3963,5949
1498,211901,209870
15,6127,6094
1500,20096,20022
1501,38179,38145
1502,0,2053
1504,1967,2092
1505,4069,4135
1506,0,1987
1508,201634,205653
1510,0,2019
1511,0,1976
1513,10009,10009
1515,4076,4019
1516,1964,3904
1519,11910,11911
1521,4119,6101
1523,16104,14069
1528,3848,3922
1529,6001,6001
1530,9952,12015
1531,58250,54123
1532,5977,3971
1534,120162,122150
1535,2011,2027
1536,18188,20211
1538,4109,4897
1541,8036,8092
1542,1998,2004
1545,3997,5919
1546,18241,18194
1548,4060,4078
1551,4000,4122
1553,0,1992
1556,2065,1965
1557,3975,3927
1558,6065,4000
1560,6055,8041
1562,3921,2044
1563,0,2044
1566,6094,8124
1567,6068,6068
1568,8089,3989
1569,0,2038
157,1964,2086
1570,4035,6027
1572,4053,6000
1575,10040,12024
1577,4155,6155
1578,0,2091
1579,1931,3951
158,3900,5902
1580,3951,6003
1581,3975,2018
1583,5990,5992
1586,8142,6104
1588,15897,17859
1589,1888,2079
159,2116,2027
1590,2009,2002
1591,2068,0
1592,4027,6030
1593,6018,8109
1598,0,1940
1599,4109,2069
160,11980,13935
1600,0,1993
1601,1983,4055
1602,2032,1921
1603,4063,4063
1605,2070,2011
1606,15929,15939
1608,2041,1931
1615,4015,4019
1618,2044,1951
1621,26489,22371
1628,1969,1926
1629,4057,6105
163,0,2066
1633,2042,2084
1636,0,1984
1637,8123,1984
1639,0,1983
164,7989,9972
1640,2056,1963
1641,21942,24026
1643,12003,14016
1644,0,0
1646,8078,10060
1648,0,2036
1650,4125,4099
1651,9958,8048
1652,22267,22181
1653,60390,52594
1657,0,2007
1659,4009,6056
166,4061,6176
1660,2054,4036
1662,8103,10138
1663,0,2010
1664,52129,42189
1665,5874,7856
1666,2020,2045
1669,4071,4049
1673,0,1969
1674,0,1964
1677,24104,30205
1678,1920,3988
1679,10011,10023
168,32227,32142
1680,4001,3926
1681,16171,14234
1684,11934,9983
1689,2046,3941
1692,0,4071
1694,7936,7905
1695,7856,9848
1697,0,2080
1698,80555,80544
1699,3966,1998
17,0,1954
1701,4007,6025
1702,9982,11905
1705,6012,8087
1706,14048,14039
1707,36402,36506
1709,2040,2061
171,6001,4015
1710,16089,14142
1714,54421,54491
1715,1983,1991
1717,0,0
1718,4125,6136
1720,22085,22075
1721,12119,10015
1723,38342,40380
1724,14130,16111
1725,4055,1983
1726,1969,2023
1727,4013,3969
1729,0,836
1730,0,1954
1732,4001,1950
1733,12062,11980
1735,1995,1995
1736,2018,2018
1737,6089,8093
174,6022,6787
1743,8097,8097
1744,11875,13935
1745,16188,16091
1746,2148,1986
1748,1904,2055
1751,3927,5821
1752,2065,2010
1754,2085,2085
1755,6060,1978
1756,1871,0
1758,2016,1956
1761,0,2024
1762,8045,8045
1764,6136,6120
1766,0,1957
1771,2076,2047
1773,9972,11957
1774,4027,4002
1777,6196,8243
1778,4196,1987
1779,7891,15678
178,2077,0
1780,237560,233500
1783,13883,11842
1784,2002,1973
1786,0,2062
1789,1986,1986
179,1971,1971
1790,10013,12074
1791,9985,8804
1792,18091,18038
1793,6072,6008
1794,0,0
1796,10085,12142
1797,15007,13046
1798,91225,83093
18,5900,3956
1800,2005,1989
1801,19890,19866
1803,10234,1986
1806,10271,8191
1808,72498,70395
181,9988,11971
1810,3977,2121
1811,27535,25497
1815,0,0
1816,70319,56285
1817,72088,68057
1818,0,2088
1821,7986,9957
1822,0,0
1823,11974,14076
1824,62219,55217
1825,24405,24241
1826,4175,4029
183,0,2032
1830,6061,4000
1831,4028,6018
1832,6027,8016
1833,14315,16359
1835,9931,11918
1837,1923,1971
184,100584,102552
1841,6059,8106
1842,104585,108657
1843,9870,11846
1844,4048,6079
1848,10088,10087
1849,10092,10098
1850,2063,4095
1851,115239,117228
1855,2053,0
1860,15940,17959
1861,34133,34133
1862,2045,8109
1863,1994,3995
1864,5978,5917
1866,8045,10093
1867,4068,6033
1868,0,2061
1869,22155,12119
1871,2039,1991
1872,145375,141347
1875,10026,12046
1878,4031,6068
1879,1986,1994
188,4026,5993
1880,2015,1990
1881,18179,16147
1886,1924,1924
1887,0,1978
1888,8941,8853
1889,28930,26914
1890,8161,4108
1892,4035,4088
1893,8186,5920
1894,6102,4085
1895,237446,227310
19,2019,2033
190,4097,6102
1901,4099,1972
1902,6086,6140
1903,11941,11871
1904,5950,5950
1907,9940,11938
1909,4034,2054
191,1973,0
1910,2028,2060
1914,2047,4068
1915,0,7960
1918,10064,12116
1919,1979,2070
192,44129,42153
1922,0,1991
1923,5983,6064
1925,3922,5958
1926,0,0
1928,3960,5949
1929,8086,10088
193,4096,4105
1931,18042,20097
1935,102546,102667
1938,10017,6051
1939,8046,9911
1940,53823,53622
1942,1990,2015
1944,8080,4047
1946,5967,3993
1949,1937,1937
195,6113,6058
1951,0,2007
1956,2001,2049
1957,1986,2020
1958,0,1999
1959,1981,4000
1962,2008,2013
1964,2052,4117
1966,8068,6134
1967,1977,2001
1968,11986,11959
1969,1969,3920
197,3915,3922
1971,10235,4091
1973,16016,7983
1974,8210,10191
1975,10056,12060
1978,21149,21233
1982,0,2009
1984,0,0
1986,0,2118
199,0,2052
1990,0,1980
1991,4056,1982
1992,4052,4052
1993,1983,0
1997,4078,4006
1999,4083,1938
2,12220,9986
20,8087,10090
200,12103,14210
2002,0,2001
2003,36256,32995
2006,10032,10100
2007,12173,20114
2008,4037,2031
2009,2103,4118
2011,2003,4007
2012,1906,3913
2014,4019,4012
2017,0,1986
2023,2079,4097
2024,2057,4009
2026,8060,2084
2027,14017,12082
2029,9983,12075
203,6150,2033
2030,2036,1997
2038,0,0
2039,3917,2074
2041,20200,20095
2042,0,1990
205,6094,8148
2050,1979,3943
2053,0,1997
2054,10038,12111
2055,44263,44263
2056,2002,2011
2058,14047,14104
2060,6038,4133
2061,0,2015
2062,12090,12003
2063,14248,16339
2064,4061,3969
2065,13983,15933
2066,11898,19860
2068,8211,16176
207,76594,72607
2070,2009,2039
2073,8105,10158
2075,18477,20386
2078,2050,0
2079,8019,8015
208,8229,8213
2081,6099,6115
2083,96487,78663
2084,95329,95377
2086,3874,4097
2087,157563,161596
2089,8140,10114
209,50889,42892
2090,10041,12041
2091,8125,6052
2092,0,8054
2097,2060,0
2098,5950,7928
2099,10054,2064
21,6102,8108
210,7896,7936
2100,28850,28933
2101,12020,12117
2102,2031,1992
2103,5958,5910
2108,9876,5886
2110,0,2035
2113,8037,8013
2114,0,1971
2115,0,2061
2116,11965,11934
2118,1915,3990
2119,0,2057
212,0,0
2121,0,1981
2122,0,2046
2125,0,2021
2127,0,1990
2129,7979,7974
2132,4084,4039
2134,12162,8179
2135,0,2067
2136,12086,14068
2137,2020,1894
214,0,0
2142,10107,8042
2143,0,1921
2144,46095,46044
2146,6031,8031
2147,6003,7961
2148,8117,3993
2149,2023,2017
2150,5964,8063
2151,0,2009
2152,0,1958
2153,100246,82140
2154,141588,129447
2155,12005,5997
2157,15974,10015
216,14110,16076
2160,13988,12027
2161,4034,4034
2164,8152,8137
2165,4027,4001
2169,10141,12118
2170,1941,0
2171,26639,20434
2172,14096,14119
2176,0,1976
2178,5950,5908
2179,6048,8103
218,5940,3971
2180,0,1972
2182,10071,8089
2183,3977,6022
2185,5961,4001
2186,2018,0
2188,14224,14126
2189,0,2041
2195,62160,58209
2196,8529,6552
2199,16043,10042
22,7873,8041
220,4116,4038
2201,3957,3975
2202,3964,6073
2203,6057,8034
2205,4125,6185
2209,6138,4087
2211,7959,9891
2213,1957,2072
2214,2013,0
2216,42035,40041
2217,3949,3984
222,4000,5956
2222,18130,12211
2223,2000,1960
2227,6035,8053
2228,16292,18267
223,2024,4016
2230,8107,8131
2238,18126,16023
224,16075,16075
2242,12059,9984
2244,6056,6037
2245,6135,8110
2246,4064,1983
2247,0,0
2249,12038,10004
2253,9952,10049
2254,0,7999
2255,4076,1989
2257,4008,4008
2258,5945,4029
2260,16038,10090
2267,8133,6099
2269,3918,4055
227,0,1975
2272,1938,4087
2274,6102,4084
2275,20132,22190
2277,6011,6078
228,4033,4004
2280,0,1961
2281,0,2050
2283,0,8207
2284,6096,5977
2286,0,2000
2287,19878,19846
2288,5996,6005
2289,1946,3918
229,8082,2091
2290,12168,12159
2293,21149,21149
2295,14012,12068
2296,0,1942
2297,0,1947
2298,2025,2005
23,204100,192053
2300,2044,2081
2301,6147,4161
2302,0,1948
2303,0,1997
2304,10112,14157
2306,8164,1946
231,12282,10194
2310,0,2038
2311,8091,10126
2313,6887,8928
2314,99316,99389
2318,3985,6009
2319,27888,28007
2320,0,2008
2324,140262,136297
2326,1958,2128
2328,15999,18013
233,4008,4041
2331,1956,3968
2333,22333,22370
2336,4195,4127
2337,4003,2043
2338,24070,28161
2339,9998,9981
2341,3925,5939
2342,8036,7993
2345,8051,6043
2346,4005,3923
2347,0,1983
2348,40542,42564
2349,0,1968
2350,6079,6065
2351,6049,4010
2354,3987,6052
2355,2099,2036
2357,4043,2050
2359,24241,22275
236,4149,6127
2363,8137,4043
2365,16042,22229
2372,8133,10146
2373,12026,12082
2374,0,1973
2375,1954,9923
2376,0,1984
2378,10007,1996
2380,2062,1993
2384,7911,9887
2387,9963,11945
2389,10071,10071
239,3960,4723
2390,7997,0
2391,0,1985
2394,2120,4174
2397,1985,1988
2398,4040,3907
2399,10184,10146
240,2081,2037
2401,12052,12040
2403,1978,4045
2405,378655,372662
2408,11970,7952
2412,6081,8090
2414,1987,4047
2415,1992,0
242,5964,6014
2420,4046,6072
2421,10143,8121
2423,2000,2000
2424,1998,4018
2427,10218,12208
243,4076,6074
2430,6040,8100
2432,5932,5958
2433,22089,14153
2434,4020,4020
2436,3987,2022
2438,4055,1977
244,265294,263302
2442,12205,14318
2443,5989,4117
2444,2070,2017
2446,2027,4073
2447,3974,3946
2449,6015,3969
245,4740,6022
2451,4050,4041
2452,2011,1940
2454,18177,18073
2455,13986,1972
2457,16073,16005
2459,10158,12127
246,1992,2024
2461,5978,0
2462,12020,6018
2463,2076,4092
2464,6049,3973
2465,54575,56614
2466,32196,30039
2467,0,2033
2468,0,1986
247,3991,4022
2470,4024,5987
2474,72168,66101
2475,9947,11980
2478,3945,3967
2479,10122,8039
2487,0,0
2488,0,2065
2489,6014,8000
249,0,2001
2490,2047,2007
2492,8083,10136
2494,0,1963
2495,6019,6049
2499,2018,2059
250,42188,40286
2500,2061,8132
2501,5938,0
2502,0,1958
2503,10002,7995
2504,6038,5933
2506,0,2050
2507,556142,550788
2511,0,0
2514,0,1961
2515,4084,6081
2516,1908,0
2518,0,2030
2520,22157,24225
2523,10922,10873
2524,0,0
2526,0,1997
2527,18133,20131
253,26342,24198
2534,2007,0
2535,80120,80938
2538,1987,2049
2540,36110,34150
2541,0,1961
2542,6147,8126
2543,10108,12044
2549,2068,1920
255,7920,5928
2550,3937,5998
2551,1985,0
2553,7961,10094
2555,7899,5940
2559,8112,8091
256,10003,10110
2560,6086,8151
2568,14248,14264
2570,4002,3957
2571,88233,77295
2572,8040,6056
2573,1997,2067
2574,38150,40170
2576,1969,1969
2579,10136,8170
2580,7944,9939
2581,2011,3950
2583,4025,1973
2585,4030,12030
2586,84154,84070
2588,2075,2005
2590,7924,5983
2592,20308,16222
2593,23862,23866
2594,3980,5980
2598,3841,5892
26,6032,5995
260,4038,1910
2602,8202,6248
2603,6076,2043
2604,3982,5958
2606,4007,1961
2607,228563,228653
261,3987,6013
2611,110616,112618
2612,1988,3973
2613,44183,46189
2615,4025,4150
2616,4205,6266
2617,1983,0
2619,2018,4021
2620,8218,4020
2623,1992,1995
2625,1930,1998
2626,0,2080
2628,36088,38015
2629,1968,3929
263,14258,14191
2630,0,2077
2631,7977,2051
2632,2029,2001
2633,5850,5912
2634,9883,9789
2637,4020,2029
2638,1999,2061
264,1977,2114
2641,6046,1997
2643,6015,5995
2649,9971,4010
265,2041,4056
2652,534505,530508
2654,4063,4063
2656,18102,20060
2657,0,8190
2658,26273,24273
2659,8098,6034
266,0,2004
2661,24228,26200
2665,14190,12174
2666,0,0
2670,6028,4023
2671,8107,8118
2674,3948,3955
2676,1932,2018
2678,675785,665635
268,2001,3976
2680,13969,8080
2682,5923,5923
2683,0,1935
2684,6019,7997
2685,1978,3930
2686,0,0
2689,2080,2014
2690,17951,11922
2692,5951,3972
2693,14080,16118
2694,22047,24010
2695,0,1979
2698,6168,6139
27,0,2082
2700,6054,8102
2701,3946,5971
2702,14074,14180
2704,8088,8111
2705,115120,117177
2706,2006,2006
2707,4037,1965
2709,10038,10042
271,12137,2036
2711,4014,6012
2714,18313,16264
2715,4049,6065
2716,2025,2015
2717,6090,1986
2719,2009,0
2722,4056,4110
2723,12082,20064
2725,5986,6009
2728,0,1982
2729,10088,8007
273,2065,4073
2730,5989,8066
2732,10140,10159
2734,32264,28187
2735,1979,4028
2736,5955,1967
2739,14108,14223
2740,0,1962
2742,6027,2089
2743,4015,4089
2744,22151,28046
2745,0,2012
2747,4005,2013
275,13936,15972
2750,38457,34340
2751,8193,10169
2752,6039,3962
2753,4095,2078
2754,4064,6120
2756,4052,4052
2757,0,2053
2758,10122,6102
2759,0,1957
2762,6098,0
2764,6022,6035
2765,4042,5988
2767,0,2091
2768,2035,0
277,0,2023
2770,194027,192066
2771,2041,0
2772,0,2065
2774,1947,3927
278,2040,2018
2781,0,1977
2782,2049,1935
2783,4081,6078
2786,0,2077
2788,0,1989
279,22366,20221
2791,6022,6057
2795,9741,4011
2796,7991,10049
2797,0,1912
2799,9951,8042
28,4060,1994
2800,6143,8129
2801,4161,2060
2803,4095,4095
2805,9963,11985
2807,8139,8077
2809,3978,5913
2810,4004,6027
2814,5950,8053
2819,1986,2030
282,4017,4027
2820,5973,5989
2821,2002,2000
2822,25879,21902
2825,14220,16190
2826,0,1997
2828,10143,8192
2829,10024,11945
2837,9892,7947
2839,10057,8016
2842,1999,2002
2843,2816,0
2845,72311,70326
2847,10090,10140
2848,6001,6025
2850,38084,46166
2851,0,1937
2853,8108,6018
2854,1882,2009
2857,6010,2043
286,11948,7952
2864,4009,8001
2865,518435,512482
2867,3919,3937
2869,2035,1996
287,8110,6133
2870,18320,20386
2871,6034,8098
2873,12087,12096
2874,4088,0
2877,0,2035
2878,1959,2034
2879,36344,38357
288,4034,2020
2880,2010,2008
2883,1952,3890
2884,2041,1944
2885,34396,40436
2887,4018,6027
289,6018,7998
2890,4153,4000
2893,9900,11948
2894,2023,1969
2896,3932,4018
2897,6022,7876
2898,12028,12025
2899,6131,3999
29,0,8029
2900,4045,2100
2902,12108,12144
2904,6032,8064
2905,22209,24277
2906,8000,5992
2909,0,2026
2911,14038,16019
2913,3980,1931
2914,7960,2044
2915,14053,14195
2917,16137,14080
2918,15937,13975
2919,7964,10024
2920,10041,5979
2925,2053,2803
2926,2121,1979
2928,12058,12119
2929,0,0
293,1947,0
2930,15925,6065
2933,226096,224035
2935,2004,3989
2936,4096,4096
2937,0,0
2938,11985,9993
294,508411,508411
2940,8157,10202
2941,12076,10046
2943,2057,4061
2946,0,0
2947,8071,10115
2948,2015,1973
2949,15945,15975
295,0,2082
2950,10070,12123
2951,102570,102553
2954,1991,4023
2956,5901,5930
2958,2091,2055
2959,1979,4100
296,0,2049
2960,0,1955
2964,6171,8240
2966,20107,18031
2967,2009,4049
2971,0,4034
2972,8066,4014
2973,0,2089
2974,0,2090
2976,0,2002
2977,10170,12087
2978,4884,2826
2983,0,2041
2985,2037,4031
2988,8029,8002
2989,0,0
299,1972,1980
2991,1940,1988
2994,15994,17941
2995,0,2049
2997,0,2049
2998,2082,1985
3,8162,10140
30,6050,4034
3001,344089,339948
3002,4014,5901
3003,629711,617655
3004,0,1999
3005,16004,16021
3006,2076,2055
3007,11992,11997
3008,5957,7943
301,16897,16928
3011,10185,12222
3012,40027,40027
3013,32353,32380
3015,4014,3933
3016,124529,126552
3017,16348,18388
3018,2061,2005
3022,6093,4136
3023,10197,1987
3024,0,1998
3025,8012,9989
3026,46454,47252
3028,34387,34315
3029,2011,3995
303,56102,56102
3031,1985,4045
3033,4041,4094
3034,70508,70453
3036,1965,2000
3039,0,2000
3040,1894,1894
3041,15831,17858
3042,2038,0
3043,5967,7985
3045,14230,8061
3048,14041,16027
305,461728,452768
3056,7949,5905
306,2052,2043
307,201732,197754
3070,12289,10232
3071,3981,5996
3073,4040,6093
3074,7940,5971
3078,6022,8036
3079,2093,2029
3082,0,2064
3084,0,2002
3085,0,0
3089,0,2037
3091,2039,1954
3092,22387,20299
3097,20090,22048
3098,8146,8146
3100,4038,4038
3101,38015,35998
3102,5948,3924
3104,3997,4131
3105,3985,1958
3106,7980,5991
3107,3947,5937
3110,2037,4026
3111,792,1981
3114,288766,282692
3115,7988,7988
3118,6015,5947
3119,8011,10046
312,0,1997
3120,4145,1988
3121,0,1992
3122,1953,0
3123,4034,2004
3125,8052,10146
313,10112,8168
3131,1961,1979
3138,4033,2046
3139,0,2062
314,4054,4042
3140,4113,4060
3141,0,1940
3144,16204,24266
3145,8111,10077
3146,6097,6035
315,1989,2028
3151,0,0
3152,0,1958
3153,6037,8017
3154,10152,12078
3155,0,2044
3156,26196,34337
3159,8036,3918
3160,3993,4032
3162,72316,70276
3165,3983,6099
3166,3969,2079
3167,47806,41991
3169,10063,12144
3170,2033,2018
3171,1985,1990
3172,0,0
3173,4070,2040
3175,0,2027
3176,0,2015
3177,14061,12871
3179,33255,35230
318,0,0
3180,2054,2003
3181,0,2015
3183,2060,3931
3186,11875,13935
3188,0,2030
3189,14191,16248
3190,0,1985
3191,6090,1945
3192,6129,6042
3193,2021,4072
3195,4117,6232
3196,5950,5943
3197,0,1968
3199,2005,1938
3203,0,1963
3206,4044,1971
3207,8087,10066
321,30049,29976
3211,16023,11985
3213,4003,6003
3214,2008,1991
3215,0,1978
3217,2060,2044
3218,3971,6056
3220,2017,0
3221,8118,8078
3222,10162,12147
3223,2002,0
3224,7953,8058
3231,3961,3967
3233,4059,1999
3235,2017,3920
3236,4080,6183
3237,213256,219338
3238,4791,0
3239,6027,8140
324,4067,6111
3244,4066,6049
3245,3990,4047
3247,8036,8036
3248,54121,54141
3249,8033,7986
325,24073,20180
3250,2014,1916
3251,0,2030
3255,9969,7881
3256,5902,7850
3257,0,8021
326,0,1915
3260,18139,26245
3262,56277,54317
3263,2068,4108
3266,6060,4037
3268,2035,2013
3270,18081,8164
3271,7961,3930
3278,4068,4041
3279,8002,8078
3280,8096,8166
3284,3988,6013
3288,16016,18047
3289,8160,8129
3291,7889,7941
3293,10244,12272
3294,1995,4045
3296,4051,6000
3297,10087,12042
3298,68287,68305
3300,10167,10183
3302,2046,2027
3305,0,1973
3306,10069,10152
3307,13872,13945
3309,18173,14145
331,16139,18219
3311,0,1952
3312,11842,13873
3319,4004,6015
3322,2045,2069
3324,1976,2017
3326,2000,4116
3327,6056,6078
3329,0,1971
333,214736,210632
3331,30250,32273
3336,26290,16301
3337,118471,126599
3338,1987,2030
334,0,2047
3340,4018,4003
3344,1987,3971
3347,4025,6039
335,7970,7976
3352,30714,28718
3353,6046,8126
3354,9818,3980
3356,4070,0
3357,6156,8108
3358,0,1994
336,9898,9989
3360,12057,14087
3363,3968,4010
3364,0,1971
3365,14004,16098
3368,0,0
3370,20215,18268
3371,0,1963
3372,0,2021
3373,1992,3990
3374,3997,2010
3375,36275,34387
3377,5972,5930
3379,1961,1992
3380,0,0
3382,0,2011
3383,6138,6138
3385,0,0
3386,2003,3955
3388,46540,42605
3389,2036,4030
339,8073,8022
3390,6168,6062
3391,12097,14088
3395,11932,11957
3397,2076,2037
3399,6094,2009
340,6102,4178
3400,2067,1930
3401,0,1969
3403,36088,38056
3404,12201,14265
3406,2095,2082
3408,16178,8107
3415,3979,6055
3416,0,0
3420,8028,10032
3421,0,2019
3422,4006,2060
3423,51647,33896
3426,7962,8025
3428,2000,0
343,1981,3968
3431,48004,48004
3432,7980,10032
3433,3987,4043
3435,2037,0
3439,82599,80593
3440,11995,13998
3441,0,0
3442,0,2037
3443,68587,64445
3445,0,1976
3446,34376,32555
3447,2011,4024
3449,3967,5956
3451,6046,4072
3454,2030,2020
3455,2024,4064
3456,3953,6022
3457,18142,20130
3459,15915,13874
346,36349,36295
3460,2004,2034
3466,8129,6127
3467,46189,48198
3468,10020,10098
3469,2892,2000
3473,0,1952
3474,6020,6013
3475,6098,8110
3476,6068,6015
3479,0,1991
3482,8262,8221
3484,1996,2025
3486,16190,18213
3487,0,1982
3488,22453,22453
3489,1940,1933
349,19070,24965
3490,10097,10097
3493,5867,7858
3495,0,2026
3496,10009,13969
3499,1943,1944
35,0,0
3501,8039,8051
3502,1999,4015
3503,0,0
3510,10161,12152
3511,0,0
3512,12170,10196
3513,0,2054
3514,20177,13981
3515,146925,132632
3516,2011,4099
3517,0,0
352,10191,12218
3522,2061,1967
3524,50188,46137
3526,4019,2007
3527,1958,1958
3528,4021,2006
3529,0,1975
353,2023,1931
3530,4026,3954
3534,225734,219677
3537,14195,12166
3538,4017,4070
3540,62143,64070
3541,70547,68587
3542,27947,25959
3543,70699,66719
3546,4040,1987
3548,0,2021
3549,8050,6093
355,4017,2002
3550,2032,1988
3551,0,2082
3552,9944,4036
3558,11005,4892
356,5950,2014
3560,2037,4077
3561,14925,14925
3562,0,1960
3563,3960,3952
3564,16331,14194
3565,3933,1931
3570,2042,2110
3571,0,2054
3572,2021,1979
3574,0,2032
3578,6128,6126
3579,2057,2017
358,5997,3953
3581,12000,13973
3583,0,0
3584,42062,37916
3585,4057,1962
3589,0,2027
3590,0,1969
3591,4062,2015
3593,0,2117
3594,21778,22591
3595,0,1961
3599,8035,7963
36,8138,4066
3604,0,2100
3606,9923,9923
3609,2018,2024
361,10081,8042
3610,8103,8179
3611,0,2069
3612,0,7833
3614,4021,6138
3615,8081,2015
3616,62382,68279
3618,2001,2067
3619,824,0
3621,8193,10207
3624,4077,4046
3625,0,2006
3626,8158,10189
3629,12085,14121
3630,12108,14096
3631,9969,11886
3634,10095,12138
364,21815,21699
3640,6108,6070
3641,0,4024
3644,8163,8163
3645,4011,2047
3646,4068,4069
3649,4097,6129
365,6052,6068
3650,0,0
3651,14198,14198
3652,0,0
3653,2030,4026
3654,2015,3986
3656,8024,8046
3657,0,2041
3658,4050,4010
366,4001,4001
3663,2011,2008
3665,0,2003
3666,0,0
3668,2027,1946
3669,3941,2027
3671,6035,6036
3672,4051,4065
3673,8011,8006
3674,18194,20122
3676,4178,4088
3679,4106,4111
3680,10063,12150
3681,32008,34048
3682,1954,1984
3685,8804,8829
3686,12047,7972
3688,2035,4021
3689,36291,31254
369,2041,4064
3693,0,2043
3695,0,2042
3696,0,2086
3698,8122,10104
3699,2060,2047
3700,10126,12104
3701,3926,2073
3706,22147,30183
3708,8001,9925
371,6090,6090
3710,396263,392242
3711,4008,4008
3712,2091,1943
3717,6018,8027
3719,1971,2125
372,4064,6025
3720,10097,10207
3722,2036,1951
3723,8210,10247
3725,57302,54350
3727,0,2025
3729,16204,16161
3735,1994,2014
3736,0,0
3737,4124,2057
3738,3993,1963
3739,15908,13960
374,8060,8117
3744,1968,1951
3747,3957,4012
3749,10041,11948
3752,0,2047
3755,6115,8151
3757,14029,14029
3758,38305,40322
376,10168,10231
3760,14158,14076
3763,10987,8939
3768,8127,8032
3769,1959,1948
377,2029,4019
3770,8004,10021
3771,2069,2022
3772,4048,1998
3773,4031,2065
3774,34246,34304
3775,14107,14047
3777,4104,6188
3778,0,2030
3779,0,2048
378,3906,3878
3781,10173,6022
3782,14128,16030
3785,6136,4104
3792,16254,18306
3794,68279,70248
3795,7986,10063
3796,5994,4002
3797,10265,12257
3801,4154,4071
3803,4026,2018
3804,2022,0
3805,0,1979
381,12073,8807
3810,2000,1965
3811,4040,6117
3812,1957,4062
3813,6135,8158
3815,0,2032
3816,195721,30388
3818,2088,0
3819,2019,4035
382,0,1875
3820,4115,6184
3822,6122,6030
3823,16059,18041
3827,124864,110690
3828,2007,2027
3829,6047,8111
3830,10163,10190
3833,1981,1964
3835,1983,2011
3836,9886,9818
3838,4032,6112
3839,9947,11901
384,6099,4089
3840,21998,24053
3841,828,3892
3846,2022,2022
3847,2030,0
3848,2092,4068
3849,8147,6151
3850,2077,2085
3851,2018,8160
3852,2016,2016
3853,16059,12125
3858,11918,11982
3859,2050,0
386,10076,8059
3860,4032,2039
3863,0,2057
3864,0,2058
3865,32388,34397
3867,2004,4086
3868,3962,6007
3869,4018,6022
387,8144,6089
3870,280775,282804
3871,12103,12104
3872,5972,6029
3874,4117,4071
3875,12139,10141
3876,11908,10006
3877,8945,8113
3878,5930,0
388,80552,82606
3882,4078,6069
3883,0,2029
3884,1971,8134
3885,18292,22368
3886,0,0
3887,8157,8157
3890,4040,1941
3892,12116,12150
3895,20112,18083
3896,6021,8120
3897,3940,3955
3898,0,2079
39,4013,1940
390,28231,30247
3900,12098,10112
3906,52129,54158
3908,2013,0
391,30004,36151
3912,8159,10145
3915,0,2043
3918,20355,18319
3919,0,2049
392,2019,4009
3920,16064,13984
3923,0,1950
3925,14889,12961
3926,1999,2086
3927,4010,5996
3930,3947,2002
3931,119099,115153
3936,10065,8027
3937,2014,2037
3939,10158,2816
394,17791,17749
3940,19981,20068
3941,215841,221941
3943,6056,7969
3944,6096,4028
3946,2008,1991
3947,74440,72459
3948,8158,10172
395,0,2116
3950,8191,10243
3952,7949,8078
3956,3983,5998
3957,0,2069
3958,5956,7929
3959,0,1903
3960,1979,1984
3964,3863,2004
3968,4135,2062
3969,108521,106549
397,0,1973
3971,20245,20242
3972,6069,10030
3975,6227,8292
3978,8077,4010
398,3920,3960
3980,0,2063
3983,0,1997
3984,9995,8019
3985,8135,8139
3987,6096,4049
399,0,1991
3991,0,2075
3993,0,2085
3994,0,2003
3995,9985,11951
3998,30604,32680
4,6040,13815
400,1996,4070
4000,4046,6084
4002,2057,4050
4003,11977,10089
4004,135667,133659
4005,6096,8128
4007,1973,3991
4008,32624,40601
4013,3924,1962
4014,3893,1987
4015,6113,8106
4017,6022,8010
4019,2012,3956
4024,18205,10057
4025,7876,7876
4028,3967,5964
403,2033,2019
4031,2176,4228
4033,0,2029
4036,1993,2007
4039,8202,8202
404,14001,14120
4040,2027,4023
4042,12051,8137
4043,5999,8000
4045,2034,4090
4047,8022,7924
4049,4021,6037
405,5987,6033
4050,130563,126485
4053,30191,32187
4054,4108,6078
4056,2093,4049
4057,20070,20060
4059,8058,5995
4064,2043,2085
4065,3942,0
4066,0,0
4067,3994,6019
4068,0,1995
407,0,2076
4070,6032,2007
4074,0,1983
4075,12086,14090
4076,1943,1973
4077,0,2006
408,1988,1987
4080,40215,46394
4083,11997,16025
4084,6132,3977
4085,3980,2051
4086,0,0
4088,12075,14041
4089,6043,3961
4090,4052,4028
4091,2086,2092
4092,764,2789
4094,12051,14074
4097,0,1987
4099,2050,4064
410,6006,3994
4100,117346,115407
4102,6115,8128
4103,8094,10066
4104,12111,12052
4105,3841,5853
4106,10134,18295
4108,2035,4105
411,7905,6004
4110,12064,12132
4111,5939,7925
4113,8080,10080
4114,18320,18479
4115,10003,16052
4116,0,2061
4120,2015,2016
4122,5920,6011
4123,20184,22131
4124,0,2038
4126,10171,12155
4129,6813,4019
4133,6071,6071
4134,1955,0
4135,2025,4002
4136,5950,8036
4138,0,2036
4139,36066,28019
4140,0,2054
4142,0,0
4145,0,2017
4149,6002,6010
4150,0,1992
4151,1998,4037
4152,2006,1961
4156,0,1962
4157,0,2006
4158,0,2048
4159,12115,12122
4160,8019,3979
4161,31885,27883
4162,10134,10021
4165,0,2037
4166,10959,12233
4167,4851,6055
4169,12035,17956
4170,10208,12206
4172,20036,28102
4174,3994,2003
4175,1961,2023
4176,4062,4054
4177,24157,30138
4179,13957,13927
418,6038,6087
4180,4012,4126
4181,36399,36344
4182,10218,10151
4183,10136,8018
4187,10235,10169
419,4116,4044
4190,6040,8046
4191,8032,2004
4192,2029,1985
4193,3998,4053
4196,3995,5973
4197,18205,16160
4198,11842,13841
4199,1989,3974
4200,5997,6027
4201,6074,6028
4202,0,2035
4203,0,0
4205,6040,5992
4206,20475,20497
4208,0,2050
421,0,2031
4214,3995,1906
4215,29984,29942
4216,5928,7934
4218,4046,6070
4219,4057,4017
422,6022,5961
4222,2053,2053
4224,6022,0
4226,8002,2029
4227,2036,4091
4228,8037,5959
423,5992,8035
4231,26330,28341
4233,4065,1984
4234,3933,5877
4236,0,2077
4237,2055,8055
4238,3993,2045
424,8157,4040
4240,2031,4082
4242,109349,111284
4243,80118,78101
4244,6042,4026
4247,6105,2047
4248,9964,10095
4249,2036,0
425,10128,0
4250,0,2010
4252,4012,1995
4254,0,2003
4256,11944,3860
4257,9889,11992
4258,0,1990
4259,22187,22222
426,2056,2026
4260,121124,119109
4265,111263,111284
4267,14242,12285
4269,12111,14196
427,2021,1997
4270,0,7938
4271,2015,4001
4272,578730,577517
4274,10130,4029
4279,4128,4095
4282,2002,4020
4283,14225,16213
4284,2011,4059
4287,8108,8076
4288,6081,8134
4289,16202,10240
4290,4109,6149
4291,6096,4003
4293,12073,4058
4295,2090,1956
4298,0,0
4299,1964,2080
4300,10054,8015
4303,1977,2008
4306,32080,32008
4307,2040,2052
4309,6029,8038
431,12178,8097
4310,10177,10092
4311,7979,7971
4312,0,0
4313,8012,8113
4315,0,1975
4316,10173,8077
4319,3963,3976
432,0,0
4320,50491,50523
4321,7941,7994
4322,11947,11941
4328,104394,102382
4329,11981,14038
433,2021,0
4330,0,1973
4331,0,2003
4332,1969,4011
4334,0,0
4335,4060,2038
4336,2033,1976
4337,566375,552059
4338,4116,2067
434,6099,8141
4341,66470,60392
4345,8047,7951
435,0,1961
4350,4165,2101
4351,16190,18234
4354,2009,4053
4357,1967,0
436,10141,12181
4362,3959,5996
4364,1951,3919
4367,5956,7923
4369,6019,8021
437,96181,96181
4371,7989,7989
4373,0,2019
4374,6081,3992
4375,4071,2028
4377,11851,11851
4378,6002,5981
4379,2034,4009
438,0,0
4382,6074,8113
4383,4101,6048
4385,211895,217803
4386,2126,4086
4388,12282,14287
439,763,0
4390,8156,6122
4392,1974,0
4393,1984,1989
4395,4012,6012
4397,7896,9906
44,8084,4104
440,8094,10168
4401,8209,8128
4404,10171,8137
4408,0,2026
4411,15975,7986
4412,2167,0
4413,10008,9952
4414,6008,6088
4415,14194,14196
4416,2032,8146
4418,12127,14178
4419,1992,2075
4420,3949,5977
4421,11977,14038
4422,4015,4015
4423,15987,22110
4424,40215,34233
4425,54040,42057
4426,24184,24173
4428,0,2066
4431,6030,1986
4440,45707,45737
4441,4101,2078
4443,3943,7971
4444,10119,4090
4446,2084,4110
4449,3980,6076
445,5917,2012
4453,6156,4056
4454,11920,11908
4455,0,2026
4457,264630,272665
4458,11997,14000
4462,10087,12066
4464,339712,333680
4467,8048,8048
4469,3999,5977
4470,8146,10130
4471,2020,2041
4476,4046,2087
4477,21998,20088
4478,15922,18006
4479,0,0
4480,6129,6055
4483,1969,1969
4484,0,2017
4485,8127,4086
4489,10308,10229
449,3895,5960
4490,0,2013
4496,6746,6813
4498,0,2012
4499,8928,10987
45,0,0
450,20243,20222
4501,39899,33935
4502,2096,1988
4503,1989,2078
4504,1997,0
4506,2051,2033
4507,1996,1928
4508,3996,6008
4509,0,2059
451,16044,14165
4510,3965,4001
4512,5977,5912
4517,1992,4023
4518,117142,125243
452,2045,1987
4520,2053,2003
4522,66328,62369
4525,11987,12022
4531,193566,185565
4532,2026,0
4533,0,0
4534,26051,26048
4535,19993,20045
4538,5967,7974
4539,266504,219476
454,1987,4113
4540,7951,2076
4541,1993,3990
4543,20113,18131
4544,12085,12229
4545,4049,0
4546,6127,4080
4547,0,1932
4548,18104,20199
455,1941,1991
4551,0,2004
4553,16063,14113
4558,12025,12088
4559,0,1987
4561,6027,8097
4563,2031,4111
4564,7929,7929
4565,3868,3932
4566,2040,2050
4567,26090,4051
4568,8015,3972
4569,4063,1977
457,0,1987
4572,62357,64311
4574,38248,34261
4576,5926,6010
4577,1978,2002
4578,4001,6013
4579,10009,8019
4580,12118,10231
4582,15907,15866
4583,5902,5902
4584,0,2039
4585,4030,6040
4588,6105,8126
4589,12272,14332
4591,6073,8035
4593,6086,6072
4594,8159,10180
4595,10007,10040
4597,353662,353763
4598,5955,3985
4600,80546,82606
4602,8128,8128
4604,48394,52458
4607,4037,4017
4608,2084,2084
4609,0,2019
4610,0,0
4611,3927,0
4612,2082,2002
4614,4110,2059
4615,7963,7924
4616,8166,10231
4617,0,2047
4618,4082,6167
4619,4038,2095
462,4014,3985
4621,0,2052
4622,5956,8017
4625,112222,108154
4626,0,1958
4627,10203,10365
4629,1976,2012
4630,5927,7994
4632,16296,8133
4634,9963,8021
4635,8120,6105
4637,0,2029
4639,3977,2027
4640,2064,1957
4641,0,0
4642,9982,11949
4643,355218,351211
4644,4136,2035
4645,3987,2069
4646,0,0
4649,0,2023
465,2017,2017
4650,14010,16033
4653,12157,14119
4654,9992,8049
4658,3973,2010
466,2031,2027
4660,4003,6049
4661,4050,1985
4663,11992,1944
4667,12036,14061
4668,0,1984
4669,2062,4075
467,0,1938
4670,1955,1984
4671,0,0
4673,5939,2004
4674,4070,5992
4677,7887,9863
4679,0,1986
4680,6137,8126
4682,38108,40077
4683,2810,1997
4684,2048,4054
4685,2015,2072
4687,0,1988
469,6042,8033
4690,2037,2077
4691,2026,2060
4692,7945,1985
4693,1994,3951
4694,2085,4108
4695,2029,1990
4696,0,1955
4698,2077,2003
4699,5926,7970
470,0,2049
4701,0,8055
4702,1998,3983
4703,16118,14073
4704,4036,6025
4705,1895,3812
4706,24419,24437
4708,2047,1969
4709,7997,7997
471,1925,3893
4710,4035,5938
4712,18053,20068
4716,765,2715
4718,6074,8142
4721,2000,2061
4724,5980,8077
4725,3961,4007
4727,5985,6093
4728,4027,6047
473,12100,6016
4730,4077,4055
4733,4104,1998
4735,8137,10182
4736,6147,6070
4737,0,0
4741,4035,6034
4743,6079,6079
4744,6090,4026
4745,2016,1960
4746,30116,24026
4749,0,2040
475,4005,6095
4750,6095,8246
4752,0,0
4753,0,0
4756,2016,0
4757,4023,3959
4759,0,1981
4762,0,2031
4763,12021,11997
4765,18144,14193
4769,0,2029
4771,10028,12050
4774,0,2031
4779,8036,10032
4780,7906,7998
4781,5925,2018
4785,6113,8192
4786,1933,3905
4789,2042,4094
4790,4823,5976
4791,78605,80604
4793,3916,5894
4794,2047,2096
4796,2048,2031
4797,6099,8116
4798,4021,4019
48,1972,1996
480,0,0
4800,1980,1948
4801,6120,4057
4803,1961,2062
4804,5983,8056
4805,8139,1961
4807,2001,4056
4813,2067,4080
4814,64181,66201
4815,8110,5994
4816,3926,2057
4819,27941,27998
482,7970,6072
4820,3969,3962
4822,1971,2034
4823,2058,2032
4827,98571,96480
4829,4111,4116
4831,0,1934
4832,3976,4010
4835,5899,5899
4836,0,2052
4838,3998,4053
484,4042,2075
4840,6055,4062
4841,2117,4176
4842,0,2065
4843,2026,1999
4845,3997,6129
4847,2023,1939
485,4089,4020
4850,8031,10085
4851,5884,7912
4854,1985,0
4856,18089,19986
4857,6018,3992
486,64151,60183
4860,0,0
4861,26163,28220
4862,6014,1989
4863,10205,8174
4865,0,1947
4867,10208,10119
487,0,1960
4870,26208,26232
4873,4127,4026
4874,5971,7962
4875,12333,14348
4876,4113,4096
4877,0,1933
4878,6017,8001
4879,3976,6018
4880,8087,10075
4881,6021,4084
4882,2009,4069
4884,12799,11980
4885,10230,12332
4886,106549,108592
4888,1941,1941
4889,102596,102689
489,0,2026
4891,4032,1981
4892,27989,26003
4893,13967,14064
4894,60196,62207
4895,16185,14272
4897,2034,2028
490,0,2001
4900,12220,10114
4902,71192,71200
4904,8109,10164
4905,67808,65082
4906,3974,1927
4907,2126,2027
4908,0,2047
4909,4055,2013
491,5925,4026
4911,8067,1908
4912,10066,8011
4914,6076,6095
4915,18896,18956
4916,3948,3941
4917,4015,5980
4918,7934,7910
4919,10095,12150
492,7787,15824
4921,2064,4086
4922,4062,6086
4923,4087,3989
4924,2024,3994
4925,2056,1992
4926,26095,24080
4927,5937,5992
4930,20133,22155
4931,3932,1996
4933,1938,1952
4934,2001,4012
4939,3999,6022
4942,24251,22177
4944,16964,18919
4945,2052,4025
4946,2021,4100
4947,6054,6110
4948,4071,1986
4949,2007,2096
4953,6020,2023
4955,0,0
4956,2039,2080
4959,10149,5996
4961,0,2043
4962,4035,2113
4963,5969,7978
4964,102552,102484
4967,2046,0
4968,12235,10121
4969,8218,8085
4971,14033,14033
4972,2042,2042
4976,2072,2038
4979,8112,4041
4980,0,2019
4981,10060,10097
4986,14104,11948
499,16188,16190
4991,10053,10182
4995,8103,10136
4996,0,2008
50,3954,5968
5001,0,2047
5002,6045,6006
5005,2086,2041
5006,0,2027
5009,0,0
501,2019,2079
5010,9952,9964
5011,25994,23919
5012,7854,7944
5013,0,2095
5014,0,1985
5015,4035,1971
5017,10049,12081
5018,38557,38526
5019,20066,22099
5020,12052,6028
5021,13837,15860
5024,2028,2005
5025,4032,4032
5026,16033,16012
5027,2046,2006
5028,12166,12190
5030,6026,5992
5031,1967,0
5032,9963,12023
5034,6018,8042
5036,5970,6026
5037,95329,95345
5038,1887,2025
504,40359,40359
5044,82659,82593
5046,1908,0
5047,6069,4066
5048,23886,22048
5049,4053,4108
5051,765,8740
5052,0,1979
5053,1945,0
5055,3965,6034
5056,7983,5994
5057,1971,2050
5058,8158,4039
506,20188,22231
5061,0,2057
5062,4019,5975
5063,0,0
5064,3986,2024
5065,7997,0
5067,64522,64591
5068,5966,6129
5071,2063,4007
5072,4021,6043
5073,0,2028
5074,29863,23906
5076,2000,2063
5080,14017,14088
5083,2008,2008
5084,2032,0
5085,38175,46348
5086,4086,6077
5088,6857,6843
5090,0,1999
5091,16128,11920
5092,7937,5879
5093,9989,9928
5096,3990,5990
5097,6066,6066
5098,4003,1987
5099,4122,6071
51,1986,2007
510,4109,2004
5100,4069,6061
5103,2067,2001
5104,1976,2033
5107,6000,4053
5109,0,1925
511,10071,10028
5110,14151,14064
5111,4021,6031
5112,5965,2050
5115,0,2006
5117,2102,2065
5118,8209,6076
5119,3904,5914
5121,7953,9959
5123,0,1999
5124,10073,8025
5126,20109,14071
5127,4005,3954
5128,4017,6045
513,13998,22085
5130,2030,4069
5132,0,2047
5133,4020,4057
5135,0,2000
5137,111225,111263
514,30328,24357
5144,2033,4025
5146,27906,26051
5147,6062,8114
5148,0,1971
5149,5983,8054
515,4008,4025
5150,5933,3938
5151,4029,5987
5153,10194,8169
5157,1931,2002
5158,16014,8030
5161,13951,13951
5164,10243,10317
5165,16286,18360
5168,43134,41877
5169,4002,6007
517,0,0
5172,0,2005
5173,279219,273244
5175,0,2055
5176,10014,9974
5177,10008,11950
5178,11999,1996
5179,0,2068
518,3999,4018
5180,10140,10066
5182,6107,6012
5185,8109,0
5186,12248,4011
5187,1976,1986
5188,227541,233529
519,0,2000
5190,8000,9983
5191,3990,6006
5193,4018,5972
5195,422060,418101
520,2047,4064
5201,0,2061
5205,8153,2012
5207,2032,2090
521,4008,2002
5211,252288,256697
5214,9961,11911
5215,4003,1955
5217,0,2032
5218,1992,1987
522,5991,4028
5221,1962,1962
5222,3961,2031
5223,6021,3985
5224,8240,6183
5225,4111,6098
5226,58574,62520
5232,3984,4013
5234,0,2083
5235,18203,16250
5236,20340,22363
5238,38069,36046
5242,0,2072
5243,1930,0
5244,12018,11990
5245,0,8162
5246,4030,6025
5247,76662,74642
5248,16025,16036
5251,26169,25993
5252,0,2043
5253,0,2096
5254,22237,24277
5255,2057,1988
5256,4082,6180
5257,8177,6003
5258,10002,9988
5259,15892,15892
526,9944,5983
5260,8019,3987
5261,4113,4093
5264,1998,2085
5265,2026,2028
5267,24083,22123
5268,2105,1971
5269,1946,3993
5272,3978,3966
5273,11945,14002
5277,7876,6197
5278,6045,6045
5281,6156,8123
5282,8070,10012
5285,0,1968
5286,18463,18421
5287,3999,6074
5289,16247,1970
5292,4007,2051
5293,0,2003
5295,24357,20365
5296,2032,2032
5298,31919,29974
5299,0,2035
53,3983,3928
530,4021,0
5300,4104,4087
5301,6090,8063
5302,3913,4022
5303,1965,1944
5304,4006,2093
531,6005,4007
5310,7955,9993
5311,7995,9912
5312,6031,8014
5314,1989,1989
5316,2049,0
5318,0,1913
5321,165113,163211
5322,8027,9959
5323,20120,14095
5324,68080,56068
5325,0,0
5326,6026,3975
5328,4840,5951
5329,6149,5599
5333,6167,14217
5334,4016,4016
5335,8238,14151
5337,9882,11898
5339,6111,6137
534,6000,5990
5341,7993,5977
5342,8068,10140
5343,3993,2029
5347,1991,3995
5349,1977,1986
535,116518,102587
5350,16111,16152
5353,12279,1944
5354,8115,8105
5356,4037,4057
5358,2058,1980
536,0,0
5360,0,0
5361,2055,2008
5364,9957,9965
5366,0,2057
5369,3997,3981
537,4015,3973
5372,9982,18091
5373,1996,3938
5374,22089,22853
5375,0,0
5376,3923,2041
5378,5883,7929
538,20122,22076
5383,0,1973
5387,0,2058
5389,14180,14088
539,63964,60106
5392,70754,70706
5394,8034,7992
5396,7984,6014
5397,12086,10027
5399,22924,20870
5400,4054,6079
5402,46369,48415
5403,18165,14070
5405,1906,3959
5406,4020,1980
5408,2062,2062
541,1994,1940
5410,21860,15826
5411,0,0
5413,4008,6005
5414,28352,18041
5416,34150,32182
5417,6185,6213
5418,22107,22107
5419,0,8039
5421,6072,8056
5422,10101,16154
5426,0,0
5427,4043,6014
5428,1938,4051
5429,0,1979
5431,0,2094
5433,578896,574871
5434,58574,66536
5435,2040,2036
5439,16041,16050
544,0,0
5440,0,0
5441,38250,38312
5446,30406,32364
5447,2039,4012
5451,0,1916
5452,1937,1987
5453,14912,12041
5454,4049,2033
5455,6067,8086
5457,12015,7996
5458,2016,2032
5461,3988,2000
5463,8853,6108
5465,6040,5942
5468,2004,4015
5470,5841,7813
5471,0,1965
5474,9953,10122
5478,6025,7924
5480,8027,8007
5482,0,2017
5485,8048,1999
5486,32013,31990
5487,3997,6027
5490,6046,4022
5491,7959,7981
5492,3932,5867
5493,0,2075
5494,3985,5979
5495,127223,129275
5498,6082,4095
5499,0,2001
550,19914,19924
5500,8012,1926
5501,18188,18092
5502,4025,4020
5505,3993,4010
5506,12152,14064
5509,3974,3945
5510,10040,7979
5511,6010,6014
5512,2004,0
5513,4166,4116
5514,1974,0
5516,2081,2046
5518,0,0
5519,0,1995
552,3979,5986
5520,10194,12247
5521,10077,12022
5523,5909,7925
5524,11884,9892
5528,1890,3942
5531,6137,4148
5532,32326,32400
5533,3969,5923
5534,1951,2100
5535,6071,6152
5536,8160,2095
5537,2050,1966
5538,4061,6066
5539,9868,9886
554,2061,2061
5540,66344,74300
5542,10055,12116
5543,1978,2054
5546,3985,2003
5548,2014,1952
5549,4043,4103
555,14110,8014
5552,2753,2817
5553,31977,34006
5556,5979,5979
556,0,2038
5560,0,1992
5561,6120,6113
5563,2059,4161
5564,10187,2039
5566,14223,14223
5567,30402,30338
5569,10130,12089
5570,5983,7936
5571,415528,417509
5572,26163,20040
5573,4100,6061
5577,1971,3957
5578,8007,5995
5579,0,2031
5583,3987,5970
5585,4063,6127
5586,4050,4050
5587,4028,6030
5591,15993,16008
5592,7991,6037
5593,16209,16261
5595,0,2050
5597,32292,30349
5598,2009,2013
5599,3916,1972
5601,84081,86140
5602,0,2007
5605,3979,4039
5607,4032,6063
561,0,0
5614,4011,1994
5615,2005,1972
5616,62384,62410
5618,22231,24295
562,3995,2006
5620,7976,9957
5621,5893,3895
5622,3993,3926
5624,0,0
5626,4017,5985
5627,2003,3977
5628,4082,6040
5629,0,0
5630,1957,2040
5631,21961,16079
5634,0,2042
5636,26117,26197
5638,1987,3952
564,3940,3874
5641,34120,38156
5643,16314,18321
5647,4075,2045
5649,106548,96435
565,1973,1927
5650,4096,4096
5651,5901,7909
5654,4116,4070
5659,5957,5957
566,0,1969
5662,8020,6081
5665,8019,1970
567,6029,6070
5670,0,1999
5672,58319,48288
5673,20389,20389
5674,2014,1994
5675,9963,9953
5676,1986,2077
5678,5951,5951
5681,0,7960
5682,14008,16015
5683,4055,6040
5684,8042,7996
5685,14043,14018
5686,0,0
5687,15917,15982
5688,0,0
569,0,2076
5690,0,1932
5692,3992,5976
5693,0,2059
5697,2022,0
5698,3958,3926
5699,20003,19959
57,12032,12076
5700,2022,2002
5701,8038,7993
5702,4055,2076
5703,1963,2066
5704,3978,3978
5705,14088,16120
5706,0,2011
5707,4057,2008
5708,8075,10066
571,19889,21897
5712,1986,1986
5714,28358,36250
5715,4011,2027
5716,0,0
5717,2006,1995
572,0,2013
5720,5867,5824
5722,2090,0
5726,12066,14128
5728,9912,3986
573,2050,4106
5731,9912,9906
5732,6243,6095
5734,8140,6090
5736,0,0
5737,4067,2001
5738,2006,1984
5739,0,0
574,4055,4034
5741,2040,4064
5742,2044,3983
5743,10106,7986
5744,18211,20184
5746,8053,6098
5748,10010,11988
575,5959,7967
5751,0,2003
5752,2039,1996
5757,0,0
5758,2069,4085
5759,0,2035
576,1971,3978
5761,6054,6001
5763,4106,4106
5764,0,2056
5766,2000,0
5767,0,2061
5769,0,2022
577,2003,1976
5771,16240,16254
5773,16096,14041
5774,3988,6016
5775,2031,2031
5777,2033,2024
5778,143200,143200
5779,38386,28112
578,6888,6888
5780,2035,4066
5782,1973,0
5783,3954,1969
5786,24340,26344
5787,5990,7993
5788,3881,5803
5791,12119,2061
5794,6119,6083
5797,4052,6116
5798,6060,4006
5799,0,1933
5802,20090,20141
5805,0,2129
5808,18165,16165
5809,18073,18115
5811,0,1946
5812,6034,4101
5813,1986,2035
5815,5973,3980
5816,27971,29997
5817,2005,4070
5821,4076,6082
5822,3946,3984
5824,8011,8041
5825,2053,4046
5826,3850,1943
5827,30386,28300
583,0,0
5831,11968,13943
5832,11934,1960
5835,36337,34297
5837,8106,10089
5838,4043,6024
5839,18284,18289
5840,0,2008
5841,3959,3978
5843,10155,12174
5844,2009,1988
5846,15860,15865
585,3931,4012
5850,1952,1964
5852,18838,20838
5854,10317,10271
5858,32344,30291
5861,26870,22861
5862,2050,4045
5867,20023,20023
5869,1940,3979
5870,0,2062
5873,42202,44219
5874,2096,0
5878,100741,96717
588,2004,2045
5881,9938,2053
5883,22074,22024
5884,13894,15915
5887,4000,4034
5888,60432,60432
5889,4057,6080
5890,0,1978
5893,0,2041
5897,1995,1952
5898,16171,16151
5899,1965,4005
59,23998,24003
590,0,2020
5900,16345,18338
5901,28288,26267
5902,1918,2052
5903,2018,2018
5904,8072,8070
5905,1999,3950
5906,12051,10031
5908,4012,2017
5910,2088,2011
5911,2060,4136
5912,2052,2840
5913,8049,10050
5914,12105,10049
5915,0,1930
5916,20237,18219
5917,8018,8006
5919,2061,2010
5921,17913,17944
5923,22279,20212
5924,0,1980
5929,1945,3939
593,13982,3934
5930,12216,12221
5931,2042,1890
5932,18127,16117
5934,8148,4093
5936,0,1986
5937,20256,18203
5938,2048,0
594,6145,6241
5943,12155,14222
5944,5988,6746
5945,4070,2017
5946,2069,4114
5948,2053,2053
595,0,1976
5950,0,1967
5951,6120,6001
5953,0,1950
5955,1953,2037
5956,1983,1947
5957,0,8102
5958,2027,4033
596,10106,7980
5960,2066,2066
5961,1940,3904
5963,0,0
5964,6098,6045
5966,275155,273145
5967,98473,94448
5968,0,2042
5972,5896,7885
5973,6025,8109
5974,0,2035
5975,14483,12370
5977,3979,3979
598,30431,32278
5981,4043,4048
5983,10196,12211
5985,20108,20161
5986,2026,0
5989,0,2004
599,0,0
5993,544498,542416
5995,0,2114
5996,8019,7979
5997,3914,2137
5998,2079,0
5999,5937,3974
60,0,1987
6001,124445,124445
6005,8036,8010
6010,22012,21971
6012,0,2069
6013,12178,14182
6018,0,1987
6019,12220,14318
6022,2048,1981
6023,0,0
6025,163134,165155
6026,2024,2102
6029,0,1966
6033,10031,8010
6034,4046,4040
6035,53972,55956
6036,5987,6005
6038,0,1998
604,0,2092
6041,1998,3937
6042,2044,4073
6043,0,8019
6046,3977,0
6047,0,2096
6052,0,2029
6054,10107,12103
6056,1976,3979
6057,1973,0
6058,1924,2044
6059,16089,16053
6060,2027,0
6062,7955,10021
6063,6077,4020
6064,74619,74619
6065,7928,3984
6067,5951,7988
6068,2047,8105
6069,20195,18034
607,1976,2023
6071,3932,3924
6072,1961,2002
6073,38713,38806
6074,4142,4175
6075,3989,2012
6077,1947,1992
6079,6116,0
608,4897,5720
6080,0,1988
6082,0,0
6083,2077,2011
6085,0,1942
6086,0,824
6089,6013,8128
6091,0,1894
6092,1985,2032
6094,10198,12235
6096,4053,2007
6098,10163,8130
6099,18105,20066
610,38593,38561
6100,0,1954
6101,15982,15931
6103,2029,0
6108,8035,4021
6109,0,2001
6112,12206,14272
6113,5938,3898
6116,3955,5947
6118,5975,7957
6119,9991,10016
6120,2016,1882
6121,8027,7945
6123,3968,3968
6127,8115,2116
6129,0,8211
613,14073,11985
6130,12051,4148
6131,4049,4049
6135,9950,9950
6138,0,2057
6139,0,1943
614,0,2018
6140,6027,1977
6141,0,0
6142,34337,28262
6144,6004,8029
6145,1955,3910
6147,1955,1955
6148,16196,14173
6150,12207,12234
6152,30294,30387
6155,12089,10123
6158,14226,16286
6159,14253,14275
6160,216498,216498
6163,4020,4012
6164,3941,1986
617,8038,1908
6170,2121,2092
6173,18283,10074
6176,14185,8030
6179,10042,12088
618,3997,6042
6180,7995,8024
6183,6106,8094
6184,8170,10165
6185,0,2029
6187,1944,3909
6189,0,2076
619,0,2072
6190,10102,12127
6192,0,0
6193,0,1996
6195,5995,8005
6197,4032,6096
6198,24150,26134
6199,4148,2082
6200,11910,13873
6201,0,0
6205,3930,5909
6208,2029,2044
621,1916,1916
6210,0,0
6215,5958,2023
6218,14080,16016
6219,0,8066
6220,2063,1970
6224,0,2070
6227,4055,1986
6228,32270,34246
6229,22233,20191
623,3977,1916
6230,6143,6143
6231,4001,8028
6233,2031,2072
6234,48460,46416
6236,3895,5893
6237,1966,2030
6238,209805,217803
624,2126,4127
6244,3962,5952
6245,13943,15987
6247,25125,25133
625,3912,5901
6250,9970,10007
6255,4075,4094
6259,7979,5889
6260,12244,8143
6262,13837,15922
6263,6005,7978
6264,0,0
6265,18054,20089
6267,4022,3997
6268,8132,4117
6270,2029,2115
6274,6131,2039
6275,10104,10129
6276,2073,7994
6278,14074,16073
628,7970,1978
6284,2079,4069
6287,26059,21972
6288,3942,4013
6289,2036,0
629,6146,8160
6290,2031,2055
6292,14140,14169
6293,0,2026
6295,1968,4049
6296,10015,10045
6297,2003,2082
63,2094,2080
6300,8115,8037
6301,6073,6057
6303,60950,56966
6305,30388,36398
6306,18326,18476
631,0,822
6311,5892,7882
6312,12190,10136
6313,13993,5958
6314,0,1953
6318,148331,140307
6319,46104,46104
632,0,1960
6321,14949,10045
6323,0,1974
6328,42189,42123
6330,6102,8146
6331,6015,5990
6332,0,0
6333,0,0
6335,108658,110648
6337,16847,18896
6338,0,2084
6339,0,0
6340,30128,34079
6341,3927,3927
6342,29085,25101
6345,6121,8163
6346,6051,0
6347,155924,147956
635,2020,1988
6351,4172,2008
6352,0,2053
6353,1995,4024
6354,2054,4001
6358,3924,3924
636,1996,3988
6361,8031,8047
6362,10169,6034
6363,2034,1971
6364,5957,6059
637,5995,4030
6373,8051,10027
6374,7952,2023
6375,0,1983
6376,0,0
6377,3996,0
6379,2035,4103
638,0,2009
6380,4066,6094
6381,19973,15959
6383,69285,69285
6384,12194,14169
6386,4080,6033
6388,12867,12918
6389,16087,16048
6391,6096,8056
6392,2015,1944
6394,1986,2094
6396,2020,3988
6397,0,2048
6398,3931,4092
6399,2061,0
6406,0,0
6408,0,0
6410,1984,1987
6411,1988,2039
6412,50379,58322
6414,3924,2001
6416,6086,8048
6417,11997,14040
6419,3991,6033
642,0,1941
6420,20234,2003
6422,8114,8114
6423,10016,10014
6427,1995,1941
6430,2041,3953
6431,12141,12168
6432,3961,4077
6434,6010,6010
6435,4087,6171
6436,9974,7947
6437,17866,19872
6438,0,2041
6440,1981,3984
6441,0,2057
6442,1998,2007
6443,1958,3986
6444,10062,9977
6447,6055,6013
6448,4010,6035
6449,1963,2057
6451,0,2006
6453,4013,6022
6454,0,0
6455,19786,21758
6458,6180,6261
6460,11955,7978
6461,1993,2062
6462,4068,4065
6463,0,0
6466,5973,5928
6468,0,2036
6469,2045,2066
6470,763,1977
6472,552424,546365
6474,34073,32080
6478,6106,6037
6479,16324,10177
6484,0,2070
6485,24225,12003
6486,13903,7984
6489,0,2056
649,36178,36110
6490,48293,48293
6492,0,2041
6494,6185,6176
6497,0,1989
65,6108,8080
650,7920,9893
6500,12116,10064
6503,16136,13975
6505,3953,2037
6506,10083,8090
651,0,2002
6510,4162,6117
6512,1973,3944
6514,4094,2022
6516,2002,4076
6517,1940,3934
6519,0,2000
6522,2030,2054
6526,34362,34200
6528,62903,69048
6529,1944,2030
653,0,0
6530,0,1975
6533,2060,4112
6535,0,2014
6536,1973,1931
6538,3966,5944
6540,88491,88491
6541,8939,10946
6543,2054,1969
6545,2001,1999
6546,32035,31996
6547,0,1983
655,8066,16163
6551,1980,3961
6552,5956,2038
6555,2085,1970
6556,8062,10088
6557,12158,4123
6558,0,2065
6559,6031,8049
656,0,2016
6561,22055,22047
6564,8072,7999
6566,0,2060
6567,6111,8045
6568,4823,6859
6570,4091,6036
6573,2049,2049
6575,0,0
6576,4005,1995
6580,0,2038
6581,20084,22058
6582,11944,10002
6583,0,0
6584,16103,16077
659,7923,8005
6591,7925,9925
6593,10114,8036
6595,0,2066
6596,2126,4113
6597,22273,24357
66,2011,4044
660,4022,2044
6600,1991,3987
6601,9910,4047
6602,24263,26342
6604,14119,16196
6605,765,0
6606,8053,7986
6607,8001,9953
6608,22018,14056
6609,0,0
6610,4106,4040
6612,1942,1985
6613,64311,66328
6615,2069,10185
6616,2038,1996
6621,1988,3953
6623,18268,18291
6626,2057,8180
6629,6061,8078
6630,16218,16129
6633,10028,12058
6634,0,0
6637,2054,4032
6638,0,2059
664,28228,22129
6644,14820,14038
6645,4047,6080
6648,0,1989
6650,0,0
6653,2029,4086
6655,2031,1971
6657,74521,67415
6658,6054,4003
666,0,0
6660,28127,26085
6661,68248,70277
6662,0,1992
6664,14115,14191
6665,5824,5920
6666,1927,0
6668,16002,13941
6669,0,2013
667,143974,147757
6671,18034,20110
6673,7997,10015
6674,113250,113214
6675,0,2006
6678,5969,3959
668,0,2056
6681,18082,6022
6682,4103,0
6684,12218,6012
6685,0,0
6689,10025,9928
6690,10041,4094
6691,9948,11970
6692,12110,10134
6693,4093,6148
6694,8039,2035
6695,10089,12053
6696,3962,1961
6697,0,2026
6698,6036,8035
67,5992,5975
6703,12228,12202
6704,0,1988
6706,6080,6013
6707,2035,4076
6709,13780,7893
671,0,0
6713,5993,2021
6716,0,2052
6717,2082,2004
6718,4121,4023
6719,0,0
6720,11983,14020
6722,276612,270550
6724,10184,10134
6725,0,2033
6726,2005,2062
6728,38470,30420
6729,5990,3920
6732,0,2025
6734,0,0
6735,44381,46335
6736,0,2082
6738,4002,4088
6739,0,1999
674,14119,16118
6741,4085,1942
6744,4040,2067
6748,4035,6102
675,16188,18149
6753,8076,10124
6757,5946,2001
6758,7939,3968
6759,9913,5948
6761,4008,1988
6763,2011,4007
6765,4030,4030
6766,0,2034
6767,14319,12333
6768,0,1987
6769,1963,3965
6778,7982,9988
6779,10030,4069
6780,3876,1998
6782,64383,42179
6783,8007,1903
6785,6046,8075
6786,2040,1871
6788,3946,3983
6789,12101,12105
679,6177,8176
6791,0,2020
6793,10024,11994
6795,18234,20248
6798,7986,4000
6799,0,0
68,18060,20068
6800,6169,8199
6801,7989,7997
6803,4159,4056
6806,12157,14063
6807,4091,6042
6808,110500,110500
6810,0,2111
6814,0,2001
6815,32182,34133
6816,1938,2005
6817,3887,5793
6818,0,2024
6819,4052,6084
6820,5899,2021
6821,4027,1983
6822,8120,8198
6823,8006,9968
6825,16103,18105
6826,0,2061
6828,0,1932
6829,0,1993
6831,4045,6042
6833,16099,18143
6834,12061,4126
6835,0,0
6837,4098,2095
6839,10013,9947
684,0,0
6840,46454,52500
6842,1998,1973
6844,22181,20237
6848,2048,2048
6849,0,1979
685,12100,12089
6851,4089,1991
6853,32543,30553
6854,1871,3931
6855,0,1950
6856,4001,2011
6857,8087,8138
6858,18194,20215
6859,2020,0
6860,6015,7974
6865,0,1978
6868,6105,4127
6869,11980,11964
6873,0,2047
6874,6131,8138
6875,9974,12001
6877,0,1970
6879,3967,4155
688,0,2007
6881,5993,8052
6884,6082,6121
689,6173,1968
6890,4089,6125
6892,0,2030
6893,11952,3968
6895,5975,7975
6896,120112,120162
6897,3817,1948
69,6120,8125
6900,8134,8057
6901,35084,35102
6905,6017,8100
6907,14115,16091
691,6054,2004
6911,9947,11963
6913,0,1972
6915,1989,1985
6916,6812,6829
6917,3955,0
692,8116,2010
6922,0,2024
6924,2055,1904
6925,0,2001
6928,5970,3974
6929,6011,6002
6930,9955,8023
6934,21971,21961
6935,1937,1958
6937,4085,5993
6939,0,1905
6940,15831,17859
6941,0,2037
6942,0,1997
6943,54986,55749
6944,0,2000
6945,8056,10012
6946,14140,22202
6947,4078,2030
6948,8049,7993
6956,30201,32211
6957,813,1960
6958,6046,8036
6959,36140,34133
696,1995,0
6960,18430,18276
6961,10003,10001
6963,1985,4002
6964,54454,62574
6965,16130,9910
6967,4011,4008
6969,14026,8004
6970,6105,8062
6971,2013,1995
6973,8016,4051
6974,18476,10243
6975,6038,1956
6977,2059,2059
698,0,2001
6982,20056,22012
6983,4042,2069
6985,757,1941
6988,0,2030
699,1984,3923
6990,16097,16118
6991,5975,8046
6994,4071,6051
6995,6015,7989
6996,112748,106653
6997,4053,6049
6998,2050,4018
7,1972,1946
7000,4021,1950
7001,12054,11955
7002,15772,8080
7003,6049,6049
7004,16073,15974
7005,30247,32296
7007,4156,4109
7008,4024,4078
701,2043,2057
7010,6065,6065
7012,0,1978
7014,4093,2071
7015,0,1983
7016,2093,4049
7018,115176,117228
702,0,0
7021,23876,23896
7023,3961,6025
7025,0,1971
7027,9979,11959
7029,1966,1966
7030,823,2105
7032,1957,2050
7033,2041,2056
7034,10128,12141
7037,1988,3967
704,6007,3994
7040,108592,108635
7041,8188,1953
7042,3977,2012
7044,6007,3962
7047,0,2018
7050,4068,6039
7051,8253,6154
7052,5960,2036
7053,148797,140859
7054,20195,22285
7055,14153,14189
7057,16166,18104
7058,5986,5986
7059,8016,8085
706,0,2111
7060,2051,2056
7063,8062,8059
7065,8027,6039
7067,5953,7900
7068,0,0
7069,0,2054
707,0,0
7070,4057,6080
7072,4062,6016
7073,12218,5899
7076,28201,30126
7078,6091,4065
708,4068,6179
7081,5975,8010
7082,1982,1982
7083,1975,4008
7084,8064,8066
7085,7926,9905
7087,9999,12057
7089,8044,10121
7093,6090,8100
7094,0,0
7095,148349,136190
7096,176732,175560
7099,0,1938
710,12257,10215
7100,14140,16064
7101,4014,6027
7102,0,2024
7106,6087,4049
7107,3930,2053
7108,18105,18103
7111,2087,4051
7112,3982,0
7116,5996,6027
7117,0,7861
7118,4117,6068
7119,5954,6032
712,1962,3973
7120,2008,2026
7121,16158,20317
7122,2073,2037
7123,155887,149814
7125,0,2035
7126,0,0
7127,1950,2053
7128,2037,2048
7129,5959,4073
713,5964,7972
7130,6127,8103
7135,9974,7911
7136,1976,2092
7137,2044,2044
7142,6046,8057
7143,2082,4139
7145,1918,2017
7146,95377,97383
7149,12108,14106
715,10946,8941
7155,20188,22218
7156,2100,2028
7157,4116,1985
7158,4096,4092
716,425619,423562
7164,24059,32131
7165,7880,5883
7166,8055,6108
7168,6025,7951
7169,6049,8104
7171,0,2012
7172,2057,4164
7173,0,2009
7174,12136,14190
7177,6004,4128
7178,1906,1968
718,14188,22361
7180,2005,4081
7181,5958,7970
7186,8209,10247
7189,381872,379767
719,0,1928
7191,17859,15911
7192,5943,7888
7193,6017,8049
7194,1997,4048
7195,7943,10016
7196,36030,36223
7197,10039,8099
7198,8033,8063
7199,6040,6040
72,0,2058
720,40018,47988
7203,20036,25978
7204,12118,8084
7205,16292,16292
7207,11980,11994
7210,38443,46394
7217,166144,162045
7219,0,859
722,8079,5991
7220,2020,4112
7221,2039,4027
7222,1944,1927
7223,7910,9921
7227,13944,8027
7228,0,2004
7229,3991,3973
723,0,2022
7232,14035,12044
7233,1988,2072
7234,2077,3996
7237,0,2029
7238,14040,14091
7239,0,2038
7240,8057,2058
7243,3928,3928
7244,4024,4031
7245,4109,4033
7246,8082,1967
7247,6081,6088
7248,0,2016
7251,0,2004
7254,0,2107
7255,2066,2086
7258,28358,28397
7260,8028,10107
7261,2005,1959
7263,4026,5995
7264,10173,12123
7268,2111,0
7270,4133,6135
7271,4114,6072
7272,1954,1972
7273,4125,2075
7274,5959,4023
7276,0,0
7279,6008,7971
728,2049,2053
7281,0,0
7285,6031,6031
7288,0,1914
7293,18012,26093
7295,1935,1968
7299,6019,8057
730,6021,6088
7302,16099,18024
7309,14045,14168
7310,8111,8198
7312,4039,6072
7315,6002,2060
7319,8108,10014
7320,0,0
7321,0,2027
7326,0,1967
733,445926,442051
7330,4103,2001
7332,7992,2041
7335,10182,12234
7336,2061,1985
7339,1972,2021
734,18097,26110
7341,90411,90366
7342,2065,0
7343,2041,2073
7346,789,1973
7348,807,0
7349,0,1991
735,2054,7988
7350,12062,10069
7351,26248,22138
7354,4097,1975
7356,11952,13837
7358,18234,18224
7359,7995,9959
736,1935,4001
7361,106716,102688
7362,12235,10152
7366,0,2007
7368,2041,2052
7370,6019,4026
7371,0,1958
7374,30339,28258
7375,66310,68305
7376,8151,10155
7378,4011,4062
7379,0,2002
738,20119,20056
739,0,2032
7390,9864,9900
7391,0,1999
7392,0,0
7393,32241,30238
7394,1942,1981
7396,0,0
7402,0,1950
7404,2112,2062
7405,5898,5947
7406,2014,2035
741,0,2046
7411,0,2034
7414,0,2057
7415,6036,2045
7417,27060,25132
7418,4037,4034
7419,12125,12171
7420,0,2003
7421,4136,4096
7422,2028,2026
7429,30329,32291
743,0,1993
7432,4679,4820
7433,1982,1954
7436,15894,15910
7437,10060,7936
7438,16122,18177
7439,5956,7967
744,157265,137121
7440,10901,10221
7441,14238,12160
7442,0,1928
7443,0,2076
7445,8111,8028
7447,0,1969
7448,3964,1996
7449,0,2003
7450,12169,14185
7453,4023,5993
7459,7905,7873
7461,0,2046
7462,8005,5919
7463,17981,17985
7464,16125,14022
7466,12116,12111
7467,2005,1992
747,0,1922
7471,4062,6118
7472,2044,2000
7478,9994,9939
7479,18121,18248
748,8091,6101
7481,6257,8259
7482,2007,4015
7483,13958,13897
7484,108521,110500
7487,8073,5975
7488,2085,4105
7489,12089,14166
749,24053,26069
7490,6005,8010
7491,5883,5883
7494,6086,3986
7495,12197,10122
7496,8048,7977
7497,1974,4015
7498,0,0
750,8062,0
7502,34133,34133
7504,8022,2025
7506,0,0
7509,7929,9930
751,2085,10245
7510,1962,2032
7516,2001,0
7518,20434,21233
752,8004,4075
7520,0,0
7521,108635,110648
7522,2030,2020
7526,0,2020
7527,2086,2066
7528,1994,4008
7529,0,807
7532,2022,3998
7535,6104,8177
7536,5971,3964
7540,14005,14100
7542,8085,16303
7543,6040,8112
7544,12047,4085
7545,8036,7911
7547,14008,15973
7548,6039,4022
755,0,2033
7551,8062,10114
7553,2004,2019
7554,5953,5953
7555,4055,6037
756,12155,2020
7561,4015,1996
7562,2029,2029
7563,0,2009
7564,11974,5896
7565,6018,6054
7566,2052,4093
7568,3995,6077
7569,5883,7880
7570,12029,12024
7574,1961,2037
7575,10051,4034
7579,3984,3984
758,6127,8210
7582,4068,6073
7584,9918,7876
7586,0,8006
7589,6061,3947
7591,12123,10225
7592,0,2020
7593,22143,22092
7599,28167,28167
7600,10028,6047
7603,1907,2112
7604,4019,2042
7605,11992,12081
7607,4005,6020
7608,4055,6002
7609,0,2026
761,4016,6049
7612,16114,18142
7613,3993,6036
7614,8153,6112
7615,1930,3892
7616,2072,4066
7617,8133,8122
7619,7922,9911
762,18105,26108
7623,2044,2055
7626,96514,86449
7630,6196,6076
7631,9864,11911
7632,6853,6027
7633,0,2067
7634,3980,1962
7635,32153,32067
7638,20007,22076
764,3999,2047
7640,2008,0
7641,28329,28288
7642,4174,6227
7643,4017,2140
7644,15904,15994
7645,2000,0
7647,1990,1946
7648,0,0
765,4085,6073
7651,4127,6109
7652,3974,3866
7653,0,2004
7654,80553,56288
7655,158917,22023
7658,2035,2030
7659,2061,2026
766,2026,2084
7661,96609,98678
7664,7867,5967
7669,8091,10185
767,3924,5888
7670,3985,6076
7671,3988,4003
7676,10109,10167
7677,56211,56211
7678,7941,9950
7680,363564,355444
7681,16248,12202
7682,1995,0
7685,8024,8066
7687,23249,25299
7689,3984,1999
769,4148,2019
7694,36208,36178
7695,11884,9981
7696,0,2048
7699,0,2077
770,0,2017
7700,9911,17915
7704,829747,831796
7705,0,2005
7707,84947,20348
7708,6069,6067
771,0,1994
7710,2005,0
7711,0,8116
7712,16254,0
7713,13884,15894
7714,6082,8064
7715,0,0
7716,8075,10109
7717,5977,6035
7719,6022,8007
7720,4067,6037
7724,2103,2064
7725,2041,4129
7726,20035,22025
7727,3960,3912
7730,5964,1983
7732,1986,3994
7733,4034,6060
7735,10101,10175
7736,18161,18215
7740,3959,0
7741,0,1934
7743,13980,13982
7744,6040,3945
7746,0,2043
7748,38993,10767
7749,2096,0
775,2033,4025
7750,0,0
7753,4095,2031
7755,6053,4169
7756,1985,4067
7759,3976,2038
7760,9917,9924
7762,28099,26104
7764,1987,1981
7765,20105,18171
7766,1992,3956
7767,21067,16892
7768,8109,10144
7771,2013,2011
7773,18291,20282
7774,18061,18061
7776,1959,2004
7777,8055,7960
7778,4014,1918
7779,1978,1978
778,12152,12165
7780,0,2081
7784,4050,1987
7788,13995,9841
779,21924,19950
7792,2036,0
7793,6027,4048
7794,14154,6019
7795,12181,12068
7796,5979,6052
7799,4056,4116
780,20120,22099
7800,15873,9840
7802,2031,3985
7804,3984,3984
7806,5937,7887
7807,14198,20294
7808,0,0
7809,3974,5925
781,18177,16186
7811,1994,4052
7812,4023,4071
7813,0,0
7814,2030,4068
7815,13838,15793
7816,28357,26344
7817,10162,8122
7819,138429,138474
7820,0,2120
7822,8077,10217
7823,0,2058
7824,29919,31919
7825,4034,6072
7828,0,2073
7830,0,2044
7831,7993,10036
7832,1998,4002
7833,16254,18303
7834,36171,30297
7835,4014,2020
7838,8033,6071
7841,0,0
7842,0,1982
7843,171121,167129
7844,10102,16199
7845,1986,2046
7847,8149,6072
7848,7974,9916
7849,4010,5979
785,1954,2040
7850,8012,7974
7851,2043,2052
7853,17933,17982
7854,2021,2127
7855,2037,4056
7856,6045,8057
7857,14209,8053
7858,2092,2009
7859,0,1960
7864,1994,1987
7865,2026,2026
7867,15910,7993
7868,11987,12043
7869,3964,3987
7870,76638,76610
7871,0,1973
7873,2009,2035
7874,0,6015
7876,0,2053
7877,0,82
7878,1949,2033
7879,2111,0
7881,85504,85504
7882,12037,10079
7884,4005,3925
7887,62282,68299
7889,14332,16331
7890,11971,13945
7893,10150,8090
7894,7967,9968
7895,4034,6125
7896,10133,10235
7897,16202,18168
7898,10189,10189
7899,14029,12011
7900,1585,0
7902,0,2018
7905,5991,5977
7909,162348,166332
7915,4136,4059
7916,0,2039
7917,5956,8028
7918,20084,22012
792,7813,7998
7921,3881,3881
7922,0,2021
7923,8192,6094
7925,12058,7963
7927,4059,1978
7928,2001,2031
7929,71200,48252
793,68275,70360
7930,1995,1927
7931,3996,8007
7932,3983,5998
7933,8111,10177
7935,39212,39148
7936,0,1970
7937,10016,12000
7938,12208,3942
7939,10061,10021
794,4110,4122
7941,4027,3980
7942,0,1982
7943,36632,38557
7944,4150,4168
7946,0,2028
7947,24308,24345
7949,4089,4085
795,0,2050
7950,13856,13757
7951,16160,16184
7952,1999,4025
7953,44183,46195
7955,6129,6115
7956,60076,54065
7957,0,2013
7958,1996,0
796,3983,11980
7961,2056,4097
7963,8166,8038
7964,0,2046
7966,2048,4059
7968,33948,32080
7971,4071,0
7972,14359,10134
7976,82640,84648
7977,5994,4032
7979,8057,2054
798,8171,10184
7980,14283,14283
7981,5920,3993
7982,4088,4088
7989,4175,6217
7992,1988,2117
7993,32114,32114
7996,9910,11858
7999,1953,2047
8,1999,4037
80,5953,3963
800,1997,2047
8002,8103,2078
8004,12192,12126
8005,30229,30229
8007,2018,4024
801,11983,13906
8011,44166,34161
8015,62191,64181
8016,219338,225530
8018,1981,0
8019,5891,5880
802,8136,10162
8020,104701,104645
8025,1970,3997
8026,8059,3982
8027,15894,23998
8028,20355,22317
803,0,2085
8031,16309,16313
8032,12206,12165
8034,7972,5983
8035,6072,5999
8037,8151,10194
804,8087,1976
8040,3989,4010
8041,1998,2018
8044,0,0
8045,4010,2053
8047,14078,12125
8048,2074,0
8049,42101,38111
805,2002,3957
8052,9967,11917
8053,1973,2017
8054,14033,8043
8056,2032,2016
8058,7994,1928
806,14114,14160
8060,1997,4025
8061,282451,280414
8062,5929,3934
8063,3952,2044
8064,177219,169106
8065,14356,14262
8066,10087,12085
8067,0,2033
8068,0,0
8070,4038,2077
8071,5973,4057
8072,4083,2038
8073,11957,20114
8079,36435,36488
808,1978,7989
8080,2031,0
8083,1903,2017
8084,16200,16188
8086,0,2069
8088,4008,3989
8089,1971,4027
8091,2053,1991
8092,30349,28357
8096,10090,10074
8097,2054,2009
8098,5957,3936
8099,109258,107235
81,47699,45748
810,0,1976
8100,1933,3927
8103,6062,6000
8109,2031,1966
811,32914,32974
8112,6071,4051
8113,9953,12054
8114,11968,6010
8116,16103,18141
8118,1973,0
8119,10046,12022
812,0,1998
8123,0,2031
8126,71127,56920
8127,4001,6013
8130,8007,8032
8131,20222,22208
8134,3907,0
8136,5986,8004
8137,8106,10095
8139,10038,7988
814,2009,4023
8140,0,2029
8144,5909,2020
8145,2018,2781
8146,3940,5954
8147,3957,5949
8148,2080,4111
8151,1998,2036
8153,0,2026
8155,9902,9943
8157,9978,12044
8158,18956,20133
816,10014,9948
8160,13820,15856
8162,10087,10033
8166,25911,21985
8167,16163,18182
8168,2019,4031
817,0,2081
8171,6115,6115
8172,215483,215512
8173,2049,2061
8174,9953,5925
8175,4035,4048
8176,0,1988
8177,5977,5955
818,0,1990
8180,8108,10124
8181,10079,8127
8183,0,2060
8188,5898,7952
8190,18092,18116
8192,101322,102546
8193,4012,4001
8194,0,2032
8195,5977,3980
8196,0,2012
8197,3982,3995
8198,6062,6026
820,6077,8142
8201,4069,4095
8202,21082,21092
8206,6076,6042
8209,12185,12233
821,76675,76675
8213,0,2034
8214,6097,5990
8216,1974,1986
8217,2058,1999
8219,2026,3968
8221,9925,10033
8223,2023,2085
8236,7976,7928
8238,2039,3990
824,12096,14143
8240,0,2036
8241,249782,243046
8242,7992,4054
8243,20207,22198
8249,6088,6085
825,6078,8131
8250,9945,9906
8252,12083,10077
8253,4781,6713
8255,0,2018
8257,0,2059
8258,6063,8071
8259,1996,4088
826,2004,4002
8261,4023,5995
8262,10000,12003
8265,26282,28356
8268,48635,50763
8269,0,1973
8271,0,0
8272,3975,1997
8274,0,1916
8276,4003,5998
8278,10110,10128
8279,8039,0
828,147694,142445
8281,4060,3980
8282,5994,4095
8283,0,2029
8286,12148,12105
829,70453,60481
8293,22291,24295
8296,8049,10077
8297,3994,0
83,92245,88197
8301,4085,6018
8302,0,1585
8303,2042,2046
8304,20281,26478
8307,0,8062
8309,17756,17786
8310,18071,26046
8311,3964,1920
8312,5883,5950
8313,14218,14222
8315,8035,8035
8316,10030,12125
8318,0,1970
8320,16033,16016
8321,0,1997
8322,48266,50267
8323,24010,22047
8325,3992,3984
8326,10177,12248
8327,8124,1950
8329,9983,7924
833,2037,4118
8331,0,0
8334,8086,10133
8335,0,2049
8337,6036,8043
834,0,1986
8341,0,1998
8343,2013,4018
8344,6058,2065
8346,2017,2084
8349,6031,6077
8350,3957,4052
8351,2067,2067
8355,6015,6015
8357,14181,14226
8358,1987,0
8359,10087,12039
836,2063,2006
8361,2070,4049
8362,12142,12065
8367,3981,5991
8368,2033,1949
837,6079,8130
8371,0,2039
8372,2009,1951
8373,10182,18248
8376,2005,1933
8377,12117,14078
8378,3980,5958
838,18044,20040
8380,1997,2023
8382,4228,2176
8385,10235,10290
8387,2042,4084
8389,3957,2029
8392,4005,2037
8393,7932,7945
8395,0,2007
8396,7974,9991
8397,7986,5986
8398,2789,4055
84,51042,18989
8400,8199,6027
8402,0,0
8403,2023,2020
8404,4127,0
8405,17958,11935
8407,0,0
8409,60415,1942
841,0,8130
8410,0,1966
8413,12239,14265
8416,8045,10083
8417,36252,32123
8418,1926,0
842,8001,10001
8420,8116,0
8424,0,2019
8426,4004,4023
8427,4076,6026
8428,4009,6003
8429,4109,4098
8433,169586,159420
8434,68275,70280
844,9985,2064
8440,10094,8001
8443,2069,0
8447,26156,20131
8448,8026,8026
8449,2039,2014
845,3950,1992
8451,2052,4029
8452,60098,42055
8453,0,2039
8454,1912,3871
8455,14141,14179
8456,12183,14153
8457,44191,40035
8458,5937,5839
8463,2011,2018
8464,0,1977
8465,6857,6857
847,1992,2056
8470,6147,6101
8471,5915,5950
8473,20199,22218
8475,76228,74176
8477,0,2015
8478,16093,24251
8479,19820,21891
848,6004,2009
8480,0,8035
8481,15036,23068
8483,14121,16200
8484,6073,8124
8485,6049,6084
8486,0,1958
8487,14061,14086
8488,18341,18213
8489,5987,2026
849,6040,8078
8490,0,2060
8491,16195,14105
8493,14187,16184
8494,5824,5824
8495,2018,3950
8496,7970,9937
8497,3926,3841
8499,16139,18114
85,0,1942
8500,3962,3989
8501,17889,18011
8502,12078,14107
8503,0,2106
8506,454719,448644
8509,0,2030
8510,0,0
8511,0,0
8512,16274,14213
8513,6100,4032
8514,6005,5943
8515,4084,6084
8516,5894,7813
8517,32292,34287
8518,7885,9913
8527,12059,4088
8529,3991,1958
853,5975,6005
8531,2015,2063
8532,2079,3967
8533,14016,7931
8534,2033,4053
8538,0,2176
854,1962,1930
8540,2021,4051
8541,2003,2049
8542,2017,3994
8543,4035,4011
8546,281481,279456
8547,2044,4157
8548,4056,1945
8549,19872,21924
8551,14056,14056
8552,3986,6026
8553,0,0
8557,5979,5979
8558,17978,16025
8559,3988,1996
856,5972,7923
8564,10264,12239
8569,2056,4107
8570,4118,2079
8571,5976,8044
8573,10093,12097
8576,0,2000
8579,98534,98582
858,0,0
8580,12174,14258
8581,4081,6146
8582,4057,4057
8583,2015,1995
8587,6071,1994
8588,0,2013
8589,2041,2035
8590,8102,10082
8592,0,1954
8593,101387,95345
8595,12171,12098
8599,3886,2023
860,32282,32115
8600,0,2009
8601,10141,8151
8602,0,2015
8604,2047,2021
8605,2061,2046
8608,4056,1992
8609,1972,0
8610,1940,2079
8611,8044,4074
8612,16032,18059
8614,6135,4012
8615,2013,4048
8617,20028,21974
8618,10164,10148
862,0,2047
8621,2069,1988
8623,15981,18059
8624,4035,12182
8626,1931,3972
8627,0,1931
8628,6138,8139
8629,6097,6092
8631,98678,100746
8635,4002,5999
8636,0,1943
8638,0,1999
8639,1975,2001
8640,2056,3898
8641,4033,2035
8647,4042,2070
8649,4002,1977
8651,10010,9929
8654,3960,6003
8655,4937,4948
8658,8179,8100
8659,2033,4094
866,2038,4080
8660,22147,20070
8661,14352,16359
8662,8164,10167
8663,9922,6022
8665,6050,2078
8666,4022,6047
8668,2020,4053
867,2043,1991
8671,2005,4030
8672,11945,14010
8675,14023,799
8676,0,2030
8677,4077,2038
8678,3926,5901
8679,212703,200714
8680,20090,22085
8682,10163,10059
8684,38305,46348
8686,0,1991
8688,8007,8086
8689,4000,6051
869,585759,583838
8693,0,1988
8696,0,2030
8697,2013,1988
8698,3946,3976
87,2060,0
8700,1956,2004
8701,108562,104599
8703,0,1924
8709,4016,6007
8711,14115,14035
8712,12175,12171
8713,3993,3969
8715,6090,4022
8716,8108,8104
872,472241,460798
8721,20100,18060
8723,1942,2063
8726,35279,31215
8728,75365,73355
873,12234,12289
8730,237864,229636
8731,18143,10257
8733,1998,1992
8736,6713,5964
8738,4075,2012
8740,0,1967
8742,4022,6090
8743,5956,5956
8747,1954,2030
8749,3960,6043
8752,0,765
8753,0,1937
8754,6115,6115
8756,4076,6120
8757,2021,4068
876,2090,1983
8763,10149,12165
8765,16494,16468
8766,4010,6034
8767,16108,10179
8768,9987,2072
877,16348,6031
8770,10142,12257
8771,0,2027
8772,2031,1983
8773,0,2020
8774,2051,2021
8775,8079,2002
8778,4127,4127
8779,70944,72925
8783,118524,126656
8784,30307,26204
8786,0,0
8787,4034,6071
8788,10084,2041
879,8013,2028
8794,30284,28269
8795,48354,48354
8798,76529,78469
88,68287,70277
880,18107,20089
8800,13967,15907
8801,4098,6153
8804,6021,8049
8806,14140,8054
8808,4028,2043
8809,12119,4014
881,3982,2054
8810,10085,5990
8811,4064,6078
8813,4026,2057
8814,126458,126911
8819,1895,3941
8822,12095,11965
8823,0,2022
8824,7901,2020
8825,10180,10194
8828,4093,6167
8829,12086,14065
883,10170,12236
8831,2085,4083
8833,0,2150
8834,2026,1999
8835,4017,6110
8836,7998,10048
8838,3932,5938
884,0,1972
8840,102667,104645
8842,2059,4052
8843,70259,64289
885,2018,4029
8852,18114,16009
8855,40189,38353
8856,1987,3981
8859,4025,6027
8861,6005,4054
8863,4011,6043
8866,10060,12004
8867,0,2054
887,4068,1987
8870,4044,4102
8871,161329,157223
8877,8106,6150
8878,4001,0
8879,2840,3970
888,21918,29940
8880,12001,12064
8881,9961,10001
8882,4039,4068
8884,1969,3987
8889,12190,14220
889,7995,6023
8891,0,1995
8892,0,0
8893,2002,4024
8894,4020,2000
8896,0,1993
8897,4003,6045
8898,1958,1976
8899,0,2029
89,2003,2032
8902,2035,1996
8903,9993,11977
8904,3914,2083
8908,8200,6081
891,1997,0
8910,0,2063
8912,15937,11956
8913,9965,11926
8914,5965,6036
892,4137,2013
8921,7985,3960
8923,4045,6009
8924,2023,0
8925,0,1947
8926,4030,6056
8927,6235,1896
8928,1994,2037
8929,8529,10632
893,4030,2004
8932,7982,7927
8935,20132,22162
8936,8041,9968
8937,3966,2005
8938,22012,22003
894,8112,6196
8940,36250,44381
8941,13786,3944
8943,3974,3970
8946,8057,6005
8949,25168,25125
8950,2025,4021
8951,0,1946
8952,2033,2009
8953,2012,4014
8954,25497,16678
8955,110616,112657
8956,4087,6100
8957,2006,1979
896,2073,2073
8960,0,2002
8961,10098,12162
8962,3954,5931
8963,10038,3992
8964,9870,11806
8965,10198,12220
8966,11952,11952
8967,16176,18158
8968,8097,10161
897,10053,8016
8972,0,2051
8977,4030,5951
8978,2026,2034
898,1956,2032
8983,40442,42417
8985,4021,4021
8986,4093,4093
8988,10109,8168
899,49995,48025
8990,0,8053
8991,8105,6010
8994,1972,2005
8995,4092,4103
8997,11997,11997
8998,50601,44498
90,6078,6078
9001,1951,3964
9003,0,2018
9004,6021,6079
9005,8065,10097
9007,1981,1979
9009,2034,4080
901,4001,4001
9011,2030,2018
9012,10058,10077
9015,5958,7970
9017,3982,3933
9019,6105,8132
902,4015,5964
9021,10007,12020
9022,4030,6060
9023,11932,13874
9024,10061,10160
9025,0,1953
9027,0,0
9028,24035,9998
9029,70299,68229
9030,14097,14223
9031,0,1980
9032,0,2051
9035,1986,2044
9037,12151,10090
9041,1988,2044
9042,130847,126832
9043,6076,1995
9044,1933,1948
9045,4005,6072
9047,0,2077
9048,11856,7824
9049,1976,4003
905,0,2038
9051,2061,4045
9052,8164,1939
9053,5976,12155
9055,10022,10074
9056,30294,32273
9057,8090,2082
9059,108588,106564
906,28201,30238
9060,2063,4111
9061,4048,6112
9062,0,2007
907,10002,1999
9071,0,1940
9072,2045,1974
9073,18089,14215
9074,12040,14056
9075,10067,12096
9077,7989,5938
9079,7946,9992
9080,20248,20308
9081,2033,1979
9082,4028,1993
9084,10192,4041
9088,10264,10243
9089,12246,12224
9091,9991,5983
9092,0,2037
9093,34260,34350
9095,2061,0
9096,9996,3870
9098,10214,4030
91,199278,191320
910,26249,26210
9100,18218,18136
9102,6042,4055
9104,4101,1942
9105,14006,13883
9107,4018,6013
9108,2049,4031
9109,0,2028
9110,13959,15970
9111,22220,20213
9112,0,2056
9113,4000,6033
9114,10023,11905
9116,0,0
9117,4015,4087
9118,6053,4141
9119,1980,1947
9120,12268,12197
9122,3957,1977
9126,16292,10178
9128,6007,8081
9129,3979,10044
9132,0,1929
9133,26277,34490
9135,1990,1972
9136,4080,2057
9137,4110,6171
914,34142,36208
9142,0,0
9143,3942,2029
9144,18058,20072
9146,2013,4067
9147,1960,2126
9148,0,2096
9149,0,2052
915,0,1988
9150,6004,8016
9151,2008,2019
9152,7908,7961
9154,4020,6008
9157,0,2007
9158,8129,6081
9159,12118,14112
9162,6033,6817
9168,0,2061
9170,1988,4011
9171,4030,1975
9172,30216,29020
9173,8092,6063
9174,4058,6040
9175,3981,2009
9178,2075,2044
9179,6076,6133
9180,14059,6072
9181,3934,5929
9183,0,0
9185,10135,8145
9187,2002,0
9188,11995,11976
9189,12054,10112
9190,7969,6098
9193,8108,10244
9195,4013,4081
9196,6081,8080
9197,6061,4045
9198,32270,34290
92,14090,14067
920,11938,13972
9200,12063,12063
9201,2004,3987
9204,4014,4022
9205,0,1973
9211,1984,3963
9212,72566,54444
9215,5985,5964
9219,11983,14020
922,0,7929
9224,16019,14029
9227,54453,54453
9228,8049,1952
9229,2002,4029
9230,14040,16089
9231,2027,4143
9232,8090,6044
9233,2035,0
9234,8127,10121
9236,2101,4205
9237,7890,7946
9238,4084,2031
9242,2007,2004
925,4020,4020
927,2049,2049
928,9943,0
933,2054,1996
936,4088,1978
937,0,2046
938,29983,31977
941,6005,3945
944,7941,0
947,5951,6005
948,5720,6552
950,6875,6887
951,25951,27982
952,12085,14016
954,0,2074
956,13915,11827
957,2037,1953
958,3983,5957
959,49686,49715
96,6014,5999
964,1969,2059
966,12021,11974
968,16098,18116
969,0,2000
973,0,1942
974,2061,4048
975,4178,6178
977,6021,7961
98,1921,0
980,2037,2080
981,2020,4050
984,8115,8109
985,10158,12149
987,4050,2011
99,6041,7994
991,13936,15934
994,4015,6068
999,0,1907
